기준_년분기_코드,상권_코드_명,임대료,임대료_전년동분기_상승률(%),일반_점포_수,총_점포_수(유사업종),개업_점포_수,폐업_점포_수,프랜차이즈_점포_수,개업률_재계산(%),폐업률_재계산(%),점포교체율(%),프랜차이즈비율(%),폐업률_전년동분기_변화(%p),점포교체율_전년동분기_변화(%p),프랜차이즈비율_전년동분기_변화(%p),예상_원본상권_수,관측된_원본상권_수,매칭_원본상권명,매칭_주의
기준_년분기_코드	상권_코드_명	임대료	임대료_전년동분기_상승률(%)	일반_점포_수	총_점포_수(유사업종)	개업_점포_수	폐업_점포_수	프랜차이즈_점포_수	개업률_재계산(%)	폐업률_재계산(%)	점포교체율(%)	프랜차이즈비율(%)	폐업률_전년동분기_변화(%p)	점포교체율_전년동분기_변화(%p)	프랜차이즈비율_전년동분기_변화(%p)	예상_원본상권_수	관측된_원본상권_수	매칭_원본상권명	매칭_주의
20211	광화문			1778	1913	50	57	135	2.6137	2.9796	5.5933	7.0570				1	1	광화문역[발달상권]	명칭 기반 대표상권 매칭이며 임대료 통계의 공간 경계와 정확히 같지 않을 수 있음
20212	광화문			1785	1924	52	41	139	2.7027	2.1310	4.8337	7.2245				1	1	광화문역[발달상권]	명칭 기반 대표상권 매칭이며 임대료 통계의 공간 경계와 정확히 같지 않을 수 있음
20213	광화문			1794	1932	44	36	138	2.2774	1.8634	4.1408	7.1429				1	1	광화문역[발달상권]	명칭 기반 대표상권 매칭이며 임대료 통계의 공간 경계와 정확히 같지 않을 수 있음
20214	광화문			1814	1956	56	32	142	2.8630	1.6360	4.4990	7.2597				1	1	광화문역[발달상권]	명칭 기반 대표상권 매칭이며 임대료 통계의 공간 경계와 정확히 같지 않을 수 있음
20221	광화문			1804	1944	29	41	140	1.4918	2.1091	3.6008	7.2016	-0.8706	-1.9925	0.1447	1	1	광화문역[발달상권]	명칭 기반 대표상권 매칭이며 임대료 통계의 공간 경계와 정확히 같지 않을 수 있음
20222	광화문			1814	1953	53	44	139	2.7138	2.2529	4.9667	7.1173	0.1220	0.1330	-0.1073	1	1	광화문역[발달상권]	명칭 기반 대표상권 매칭이며 임대료 통계의 공간 경계와 정확히 같지 않을 수 있음
20223	광화문			1805	1949	45	49	144	2.3089	2.5141	4.8230	7.3884	0.6508	0.6822	0.2455	1	1	광화문역[발달상권]	명칭 기반 대표상권 매칭이며 임대료 통계의 공간 경계와 정확히 같지 않을 수 있음
20224	광화문			1836	1985	66	30	149	3.3249	1.5113	4.8363	7.5063	-0.1247	0.3373	0.2466	1	1	광화문역[발달상권]	명칭 기반 대표상권 매칭이며 임대료 통계의 공간 경계와 정확히 같지 않을 수 있음
20231	광화문			1846	1993	50	42	147	2.5088	2.1074	4.6162	7.3758	-0.0017	1.0153	0.1742	1	1	광화문역[발달상권]	명칭 기반 대표상권 매칭이며 임대료 통계의 공간 경계와 정확히 같지 않을 수 있음
20232	광화문			1869	2016	61	38	147	3.0258	1.8849	4.9107	7.2917	-0.3680	-0.0560	0.1744	1	1	광화문역[발달상권]	명칭 기반 대표상권 매칭이며 임대료 통계의 공간 경계와 정확히 같지 않을 수 있음
20233	광화문			1863	2008	40	48	145	1.9920	2.3904	4.3825	7.2211	-0.1237	-0.4405	-0.1673	1	1	광화문역[발달상권]	명칭 기반 대표상권 매칭이며 임대료 통계의 공간 경계와 정확히 같지 않을 수 있음
20234	광화문			1867	2015	41	34	148	2.0347	1.6873	3.7221	7.3449	0.1760	-1.1142	-0.1614	1	1	광화문역[발달상권]	명칭 기반 대표상권 매칭이며 임대료 통계의 공간 경계와 정확히 같지 않을 수 있음
20241	광화문			1866	2018	45	42	152	2.2299	2.0813	4.3112	7.5322	-0.0261	-0.3050	0.1564	1	1	광화문역[발달상권]	명칭 기반 대표상권 매칭이며 임대료 통계의 공간 경계와 정확히 같지 않을 수 있음
20242	광화문			1869	2019	33	32	150	1.6345	1.5849	3.2194	7.4294	-0.3000	-1.6913	0.1378	1	1	광화문역[발달상권]	명칭 기반 대표상권 매칭이며 임대료 통계의 공간 경계와 정확히 같지 않을 수 있음
20243	광화문	91.4		1878	2027	38	30	149	1.8747	1.4800	3.3547	7.3508	-0.9104	-1.0278	0.1296	1	1	광화문역[발달상권]	명칭 기반 대표상권 매칭이며 임대료 통계의 공간 경계와 정확히 같지 않을 수 있음
20244	광화문	91.6		1867	2017	29	38	150	1.4378	1.8840	3.3218	7.4368	0.1966	-0.4003	0.0919	1	1	광화문역[발달상권]	명칭 기반 대표상권 매칭이며 임대료 통계의 공간 경계와 정확히 같지 않을 수 있음
20251	광화문	91.4		1850	2000	27	45	150	1.3500	2.2500	3.6000	7.5000	0.1687	-0.7112	-0.0322	1	1	광화문역[발달상권]	명칭 기반 대표상권 매칭이며 임대료 통계의 공간 경계와 정확히 같지 않을 수 있음
20252	광화문	91.3		1860	2011	34	24	151	1.6907	1.1934	2.8841	7.5087	-0.3915	-0.3353	0.0793	1	1	광화문역[발달상권]	명칭 기반 대표상권 매칭이며 임대료 통계의 공간 경계와 정확히 같지 않을 수 있음
20253	광화문	91.4	0.0000	1848	1997	30	43	149	1.5023	2.1532	3.6555	7.4612	0.6732	0.3008	0.1104	1	1	광화문역[발달상권]	명칭 기반 대표상권 매칭이며 임대료 통계의 공간 경계와 정확히 같지 않을 수 있음
20254	광화문	91.6	0.0000	1840	1986	26	37	146	1.3092	1.8630	3.1722	7.3515	-0.0209	-0.1496	-0.0853	1	1	광화문역[발달상권]	명칭 기반 대표상권 매칭이며 임대료 통계의 공간 경계와 정확히 같지 않을 수 있음
20261	광화문	92.2	0.8753													1	0	광화문역[발달상권]	명칭 기반 대표상권 매칭이며 임대료 통계의 공간 경계와 정확히 같지 않을 수 있음
20211	남대문			3451	3502	59	64	51	1.6848	1.8275	3.5123	1.4563				3	3	남대문시장(자유상가)[전통시장] | 삼익패션타운(남대문시장)[전통시장] | 숭례문수입상가(남대문시장)[전통시장]	명칭 기반 대표상권 매칭이며 임대료 통계의 공간 경계와 정확히 같지 않을 수 있음
20212	남대문			3421	3473	63	92	52	1.8140	2.6490	4.4630	1.4973				3	3	남대문시장(자유상가)[전통시장] | 삼익패션타운(남대문시장)[전통시장] | 숭례문수입상가(남대문시장)[전통시장]	명칭 기반 대표상권 매칭이며 임대료 통계의 공간 경계와 정확히 같지 않을 수 있음
20213	남대문			3407	3459	36	50	52	1.0408	1.4455	2.4863	1.5033				3	3	남대문시장(자유상가)[전통시장] | 삼익패션타운(남대문시장)[전통시장] | 숭례문수입상가(남대문시장)[전통시장]	명칭 기반 대표상권 매칭이며 임대료 통계의 공간 경계와 정확히 같지 않을 수 있음
20214	남대문			3399	3450	40	49	51	1.1594	1.4203	2.5797	1.4783				3	3	남대문시장(자유상가)[전통시장] | 삼익패션타운(남대문시장)[전통시장] | 숭례문수입상가(남대문시장)[전통시장]	명칭 기반 대표상권 매칭이며 임대료 통계의 공간 경계와 정확히 같지 않을 수 있음
20221	남대문			3409	3459	51	42	50	1.4744	1.2142	2.6886	1.4455	-0.6133	-0.8236	-0.0108	3	3	남대문시장(자유상가)[전통시장] | 삼익패션타운(남대문시장)[전통시장] | 숭례문수입상가(남대문시장)[전통시장]	명칭 기반 대표상권 매칭이며 임대료 통계의 공간 경계와 정확히 같지 않을 수 있음
20222	남대문			3417	3467	35	27	50	1.0095	0.7788	1.7883	1.4422	-1.8702	-2.6747	-0.0551	3	3	남대문시장(자유상가)[전통시장] | 삼익패션타운(남대문시장)[전통시장] | 숭례문수입상가(남대문시장)[전통시장]	명칭 기반 대표상권 매칭이며 임대료 통계의 공간 경계와 정확히 같지 않을 수 있음
20223	남대문			3391	3440	53	80	49	1.5407	2.3256	3.8663	1.4244	0.8801	1.3800	-0.0789	3	3	남대문시장(자유상가)[전통시장] | 삼익패션타운(남대문시장)[전통시장] | 숭례문수입상가(남대문시장)[전통시장]	명칭 기반 대표상권 매칭이며 임대료 통계의 공간 경계와 정확히 같지 않을 수 있음
20224	남대문			3382	3431	44	53	49	1.2824	1.5447	2.8272	1.4282	0.1244	0.2475	-0.0501	3	3	남대문시장(자유상가)[전통시장] | 삼익패션타운(남대문시장)[전통시장] | 숭례문수입상가(남대문시장)[전통시장]	명칭 기반 대표상권 매칭이며 임대료 통계의 공간 경계와 정확히 같지 않을 수 있음
20231	남대문			3347	3397	36	70	50	1.0598	2.0606	3.1204	1.4719	0.8464	0.4318	0.0264	3	3	남대문시장(자유상가)[전통시장] | 삼익패션타운(남대문시장)[전통시장] | 숭례문수입상가(남대문시장)[전통시장]	명칭 기반 대표상권 매칭이며 임대료 통계의 공간 경계와 정확히 같지 않을 수 있음
20232	남대문			3321	3373	32	56	52	0.9487	1.6602	2.6090	1.5417	0.8815	0.8207	0.0995	3	3	남대문시장(자유상가)[전통시장] | 삼익패션타운(남대문시장)[전통시장] | 숭례문수입상가(남대문시장)[전통시장]	명칭 기반 대표상권 매칭이며 임대료 통계의 공간 경계와 정확히 같지 않을 수 있음
20233	남대문			3289	3341	39	71	52	1.1673	2.1251	3.2924	1.5564	-0.2005	-0.5739	0.1320	3	3	남대문시장(자유상가)[전통시장] | 삼익패션타운(남대문시장)[전통시장] | 숭례문수입상가(남대문시장)[전통시장]	명칭 기반 대표상권 매칭이며 임대료 통계의 공간 경계와 정확히 같지 않을 수 있음
20234	남대문			3264	3315	21	47	51	0.6335	1.4178	2.0513	1.5385	-0.1269	-0.7759	0.1103	3	3	남대문시장(자유상가)[전통시장] | 삼익패션타운(남대문시장)[전통시장] | 숭례문수입상가(남대문시장)[전통시장]	명칭 기반 대표상권 매칭이며 임대료 통계의 공간 경계와 정확히 같지 않을 수 있음
20241	남대문			3242	3292	35	58	50	1.0632	1.7618	2.8250	1.5188	-0.2988	-0.2954	0.0469	3	3	남대문시장(자유상가)[전통시장] | 삼익패션타운(남대문시장)[전통시장] | 숭례문수입상가(남대문시장)[전통시장]	명칭 기반 대표상권 매칭이며 임대료 통계의 공간 경계와 정확히 같지 않을 수 있음
20242	남대문			3233	3284	50	58	51	1.5225	1.7661	3.2887	1.5530	0.1059	0.6797	0.0113	3	3	남대문시장(자유상가)[전통시장] | 삼익패션타운(남대문시장)[전통시장] | 숭례문수입상가(남대문시장)[전통시장]	명칭 기반 대표상권 매칭이며 임대료 통계의 공간 경계와 정확히 같지 않을 수 있음
20243	남대문	69.6		3206	3258	35	61	52	1.0743	1.8723	2.9466	1.5961	-0.2528	-0.3458	0.0397	3	3	남대문시장(자유상가)[전통시장] | 삼익패션타운(남대문시장)[전통시장] | 숭례문수입상가(남대문시장)[전통시장]	명칭 기반 대표상권 매칭이며 임대료 통계의 공간 경계와 정확히 같지 않을 수 있음
20244	남대문	69.7		3201	3254	38	42	53	1.1678	1.2907	2.4585	1.6288	-0.1271	0.4072	0.0903	3	3	남대문시장(자유상가)[전통시장] | 삼익패션타운(남대문시장)[전통시장] | 숭례문수입상가(남대문시장)[전통시장]	명칭 기반 대표상권 매칭이며 임대료 통계의 공간 경계와 정확히 같지 않을 수 있음
20251	남대문	69.4		3168	3220	39	71	52	1.2112	2.2050	3.4161	1.6149	0.4431	0.5911	0.0961	3	3	남대문시장(자유상가)[전통시장] | 삼익패션타운(남대문시장)[전통시장] | 숭례문수입상가(남대문시장)[전통시장]	명칭 기반 대표상권 매칭이며 임대료 통계의 공간 경계와 정확히 같지 않을 수 있음
20252	남대문	75.6		3161	3214	33	38	53	1.0268	1.1823	2.2091	1.6490	-0.5838	-1.0796	0.0961	3	3	남대문시장(자유상가)[전통시장] | 삼익패션타운(남대문시장)[전통시장] | 숭례문수입상가(남대문시장)[전통시장]	명칭 기반 대표상권 매칭이며 임대료 통계의 공간 경계와 정확히 같지 않을 수 있음
20253	남대문	76.1	9.3391	3168	3222	51	42	54	1.5829	1.3035	2.8864	1.6760	-0.5688	-0.0602	0.0799	3	3	남대문시장(자유상가)[전통시장] | 삼익패션타운(남대문시장)[전통시장] | 숭례문수입상가(남대문시장)[전통시장]	명칭 기반 대표상권 매칭이며 임대료 통계의 공간 경계와 정확히 같지 않을 수 있음
20254	남대문	76.5	9.7561	3159	3212	31	40	53	0.9651	1.2453	2.2105	1.6501	-0.0454	-0.2481	0.0213	3	3	남대문시장(자유상가)[전통시장] | 삼익패션타운(남대문시장)[전통시장] | 숭례문수입상가(남대문시장)[전통시장]	명칭 기반 대표상권 매칭이며 임대료 통계의 공간 경계와 정확히 같지 않을 수 있음
20261	남대문	77.0	10.9510													3	0	남대문시장(자유상가)[전통시장] | 삼익패션타운(남대문시장)[전통시장] | 숭례문수입상가(남대문시장)[전통시장]	명칭 기반 대표상권 매칭이며 임대료 통계의 공간 경계와 정확히 같지 않을 수 있음
20211	동대문			2743	2896	42	125	153	1.4503	4.3163	5.7666	5.2831				2	2	동대문역[발달상권] | 동대문역사문화공원역[발달상권]	명칭 기반 대표상권 매칭이며 임대료 통계의 공간 경계와 정확히 같지 않을 수 있음
20212	동대문			2732	2886	58	68	154	2.0097	2.3562	4.3659	5.3361				2	2	동대문역[발달상권] | 동대문역사문화공원역[발달상권]	명칭 기반 대표상권 매칭이며 임대료 통계의 공간 경계와 정확히 같지 않을 수 있음
20213	동대문			2707	2860	77	103	153	2.6923	3.6014	6.2937	5.3497				2	2	동대문역[발달상권] | 동대문역사문화공원역[발달상권]	명칭 기반 대표상권 매칭이며 임대료 통계의 공간 경계와 정확히 같지 않을 수 있음
20214	동대문			2708	2864	70	66	156	2.4441	2.3045	4.7486	5.4469				2	2	동대문역[발달상권] | 동대문역사문화공원역[발달상권]	명칭 기반 대표상권 매칭이며 임대료 통계의 공간 경계와 정확히 같지 않을 수 있음
20221	동대문			2725	2879	85	70	154	2.9524	2.4314	5.3838	5.3491	-1.8849	-0.3828	0.0659	2	2	동대문역[발달상권] | 동대문역사문화공원역[발달상권]	명칭 기반 대표상권 매칭이며 임대료 통계의 공간 경계와 정확히 같지 않을 수 있음
20222	동대문			2730	2888	43	34	158	1.4889	1.1773	2.6662	5.4709	-1.1789	-1.6997	0.1348	2	2	동대문역[발달상권] | 동대문역사문화공원역[발달상권]	명칭 기반 대표상권 매칭이며 임대료 통계의 공간 경계와 정확히 같지 않을 수 있음
20223	동대문			2710	2865	62	85	155	2.1640	2.9668	5.1309	5.4101	-0.6346	-1.1628	0.0605	2	2	동대문역[발달상권] | 동대문역사문화공원역[발달상권]	명칭 기반 대표상권 매칭이며 임대료 통계의 공간 경계와 정확히 같지 않을 수 있음
20224	동대문			2715	2873	74	66	158	2.5757	2.2973	4.8730	5.4995	-0.0072	0.1244	0.0526	2	2	동대문역[발달상권] | 동대문역사문화공원역[발달상권]	명칭 기반 대표상권 매칭이며 임대료 통계의 공간 경계와 정확히 같지 않을 수 있음
20231	동대문			2706	2858	69	84	152	2.4143	2.9391	5.3534	5.3184	0.5077	-0.0304	-0.0307	2	2	동대문역[발달상권] | 동대문역사문화공원역[발달상권]	명칭 기반 대표상권 매칭이며 임대료 통계의 공간 경계와 정확히 같지 않을 수 있음
20232	동대문			2731	2882	72	48	151	2.4983	1.6655	4.1638	5.2394	0.4882	1.4976	-0.2315	2	2	동대문역[발달상권] | 동대문역사문화공원역[발달상권]	명칭 기반 대표상권 매칭이며 임대료 통계의 공간 경계와 정확히 같지 않을 수 있음
20233	동대문			2725	2875	72	79	150	2.5043	2.7478	5.2522	5.2174	-0.2190	0.1213	-0.1927	2	2	동대문역[발달상권] | 동대문역사문화공원역[발달상권]	명칭 기반 대표상권 매칭이며 임대료 통계의 공간 경계와 정확히 같지 않을 수 있음
20234	동대문			2713	2862	45	58	149	1.5723	2.0266	3.5989	5.2061	-0.2707	-1.2741	-0.2933	2	2	동대문역[발달상권] | 동대문역사문화공원역[발달상권]	명칭 기반 대표상권 매칭이며 임대료 통계의 공간 경계와 정확히 같지 않을 수 있음
20241	동대문			2659	2810	50	102	151	1.7794	3.6299	5.4093	5.3737	0.6908	0.0559	0.0553	2	2	동대문역[발달상권] | 동대문역사문화공원역[발달상권]	명칭 기반 대표상권 매칭이며 임대료 통계의 공간 경계와 정확히 같지 않을 수 있음
20242	동대문			2626	2775	26	61	149	0.9369	2.1982	3.1351	5.3694	0.5327	-1.0286	0.1300	2	2	동대문역[발달상권] | 동대문역사문화공원역[발달상권]	명칭 기반 대표상권 매칭이며 임대료 통계의 공간 경계와 정확히 같지 않을 수 있음
20243	동대문	52.5		2574	2721	28	82	147	1.0290	3.0136	4.0426	5.4024	0.2658	-1.2095	0.1850	2	2	동대문역[발달상권] | 동대문역사문화공원역[발달상권]	명칭 기반 대표상권 매칭이며 임대료 통계의 공간 경계와 정확히 같지 않을 수 있음
20244	동대문	52.5		2538	2684	25	61	146	0.9314	2.2727	3.2042	5.4396	0.2462	-0.3947	0.2335	2	2	동대문역[발달상권] | 동대문역사문화공원역[발달상권]	명칭 기반 대표상권 매칭이며 임대료 통계의 공간 경계와 정확히 같지 않을 수 있음
20251	동대문	52.9		2500	2646	29	67	146	1.0960	2.5321	3.6281	5.5178	-1.0978	-1.7811	0.1441	2	2	동대문역[발달상권] | 동대문역사문화공원역[발달상권]	명칭 기반 대표상권 매칭이며 임대료 통계의 공간 경계와 정확히 같지 않을 수 있음
20252	동대문	52.9		2480	2624	39	59	144	1.4863	2.2485	3.7348	5.4878	0.0503	0.5996	0.1184	2	2	동대문역[발달상권] | 동대문역사문화공원역[발달상권]	명칭 기반 대표상권 매칭이며 임대료 통계의 공간 경계와 정확히 같지 않을 수 있음
20253	동대문	53.1	1.1429	2446	2585	26	62	139	1.0058	2.3985	3.4043	5.3772	-0.6151	-0.6384	-0.0252	2	2	동대문역[발달상권] | 동대문역사문화공원역[발달상권]	명칭 기반 대표상권 매칭이며 임대료 통계의 공간 경계와 정확히 같지 않을 수 있음
20254	동대문	53.1	1.1429	2426	2564	20	41	138	0.7800	1.5991	2.3791	5.3822	-0.6737	-0.8251	-0.0574	2	2	동대문역[발달상권] | 동대문역사문화공원역[발달상권]	명칭 기반 대표상권 매칭이며 임대료 통계의 공간 경계와 정확히 같지 않을 수 있음
20261	동대문	53.1	0.3781													2	0	동대문역[발달상권] | 동대문역사문화공원역[발달상권]	명칭 기반 대표상권 매칭이며 임대료 통계의 공간 경계와 정확히 같지 않을 수 있음
20211	명동			2345	2633	36	89	288	1.3673	3.3802	4.7474	10.9381				2	2	명동(명동거리)[발달상권] | 명동역(명동재미로)[발달상권]	명칭 기반 대표상권 매칭이며 임대료 통계의 공간 경계와 정확히 같지 않을 수 있음
20212	명동			2320	2608	45	70	288	1.7255	2.6840	4.4095	11.0429				2	2	명동(명동거리)[발달상권] | 명동역(명동재미로)[발달상권]	명칭 기반 대표상권 매칭이며 임대료 통계의 공간 경계와 정확히 같지 않을 수 있음
20213	명동			2312	2601	52	59	289	1.9992	2.2684	4.2676	11.1111				2	2	명동(명동거리)[발달상권] | 명동역(명동재미로)[발달상권]	명칭 기반 대표상권 매칭이며 임대료 통계의 공간 경계와 정확히 같지 않을 수 있음
20214	명동			2302	2590	52	63	288	2.0077	2.4324	4.4402	11.1197				2	2	명동(명동거리)[발달상권] | 명동역(명동재미로)[발달상권]	명칭 기반 대표상권 매칭이며 임대료 통계의 공간 경계와 정확히 같지 않을 수 있음
20221	명동			2308	2589	50	51	281	1.9312	1.9699	3.9011	10.8536	-1.4103	-0.8463	-0.0845	2	2	명동(명동거리)[발달상권] | 명동역(명동재미로)[발달상권]	명칭 기반 대표상권 매칭이며 임대료 통계의 공간 경계와 정확히 같지 않을 수 있음
20222	명동			2320	2601	46	34	281	1.7686	1.3072	3.0757	10.8035	-1.3769	-1.3338	-0.2394	2	2	명동(명동거리)[발달상권] | 명동역(명동재미로)[발달상권]	명칭 기반 대표상권 매칭이며 임대료 통계의 공간 경계와 정확히 같지 않을 수 있음
20223	명동			2316	2599	56	58	283	2.1547	2.2316	4.3863	10.8888	-0.0367	0.1187	-0.2223	2	2	명동(명동거리)[발달상권] | 명동역(명동재미로)[발달상권]	명칭 기반 대표상권 매칭이며 임대료 통계의 공간 경계와 정확히 같지 않을 수 있음
20224	명동			2351	2646	96	49	295	3.6281	1.8519	5.4800	11.1489	-0.5806	1.0398	0.0292	2	2	명동(명동거리)[발달상권] | 명동역(명동재미로)[발달상권]	명칭 기반 대표상권 매칭이며 임대료 통계의 공간 경계와 정확히 같지 않을 수 있음
20231	명동			2363	2653	76	69	290	2.8647	2.6008	5.4655	10.9310	0.6310	1.5644	0.0774	2	2	명동(명동거리)[발달상권] | 명동역(명동재미로)[발달상권]	명칭 기반 대표상권 매칭이며 임대료 통계의 공간 경계와 정확히 같지 않을 수 있음
20232	명동			2384	2679	76	50	295	2.8369	1.8664	4.7032	11.0116	0.5592	1.6275	0.2080	2	2	명동(명동거리)[발달상권] | 명동역(명동재미로)[발달상권]	명칭 기반 대표상권 매칭이며 임대료 통계의 공간 경계와 정확히 같지 않을 수 있음
20233	명동			2418	2712	82	49	294	3.0236	1.8068	4.8304	10.8407	-0.4248	0.4441	-0.0481	2	2	명동(명동거리)[발달상권] | 명동역(명동재미로)[발달상권]	명칭 기반 대표상권 매칭이며 임대료 통계의 공간 경계와 정확히 같지 않을 수 있음
20234	명동			2429	2726	72	58	297	2.6412	2.1277	4.7689	10.8951	0.2758	-0.7111	-0.2538	2	2	명동(명동거리)[발달상권] | 명동역(명동재미로)[발달상권]	명칭 기반 대표상권 매칭이며 임대료 통계의 공간 경계와 정확히 같지 않을 수 있음
20241	명동			2428	2725	55	56	297	2.0183	2.0550	4.0734	10.8991	-0.5458	-1.3921	-0.0319	2	2	명동(명동거리)[발달상권] | 명동역(명동재미로)[발달상권]	명칭 기반 대표상권 매칭이며 임대료 통계의 공간 경계와 정확히 같지 않을 수 있음
20242	명동			2484	2778	108	55	294	3.8877	1.9798	5.8675	10.5832	0.1135	1.1643	-0.4284	2	2	명동(명동거리)[발달상권] | 명동역(명동재미로)[발달상권]	명칭 기반 대표상권 매칭이며 임대료 통계의 공간 경계와 정확히 같지 않을 수 있음
20243	명동	137.7		2496	2789	57	46	293	2.0437	1.6493	3.6931	10.5056	-0.1574	-1.1373	-0.3352	2	2	명동(명동거리)[발달상권] | 명동역(명동재미로)[발달상권]	명칭 기반 대표상권 매칭이며 임대료 통계의 공간 경계와 정확히 같지 않을 수 있음
20244	명동	139.0		2515	2804	68	53	289	2.4251	1.8902	4.3153	10.3067	-0.2375	-0.4536	-0.5884	2	2	명동(명동거리)[발달상권] | 명동역(명동재미로)[발달상권]	명칭 기반 대표상권 매칭이며 임대료 통계의 공간 경계와 정확히 같지 않을 수 있음
20251	명동	139.5		2500	2784	52	71	284	1.8678	2.5503	4.4181	10.2011	0.4952	0.3447	-0.6979	2	2	명동(명동거리)[발달상권] | 명동역(명동재미로)[발달상권]	명칭 기반 대표상권 매칭이며 임대료 통계의 공간 경계와 정확히 같지 않을 수 있음
20252	명동	140.0		2494	2787	64	58	293	2.2964	2.0811	4.3775	10.5131	0.1012	-1.4901	-0.0701	2	2	명동(명동거리)[발달상권] | 명동역(명동재미로)[발달상권]	명칭 기반 대표상권 매칭이며 임대료 통계의 공간 경계와 정확히 같지 않을 수 있음
20253	명동	141.5	2.7596	2508	2802	67	52	294	2.3911	1.8558	4.2470	10.4925	0.2065	0.5539	-0.0131	2	2	명동(명동거리)[발달상권] | 명동역(명동재미로)[발달상권]	명칭 기반 대표상권 매칭이며 임대료 통계의 공간 경계와 정확히 같지 않을 수 있음
20254	명동	144.2	3.7410	2538	2825	74	54	287	2.6195	1.9115	4.5310	10.1593	0.0213	0.2157	-0.1474	2	2	명동(명동거리)[발달상권] | 명동역(명동재미로)[발달상권]	명칭 기반 대표상권 매칭이며 임대료 통계의 공간 경계와 정확히 같지 않을 수 있음
20261	명동	147.6	5.8065													2	0	명동(명동거리)[발달상권] | 명동역(명동재미로)[발달상권]	명칭 기반 대표상권 매칭이며 임대료 통계의 공간 경계와 정확히 같지 않을 수 있음
20211	방산시장			421	426	8	7	5	1.8779	1.6432	3.5211	1.1737				1	1	방산종합시장(방산시장)[전통시장]	명칭 기반 대표상권 매칭이며 임대료 통계의 공간 경계와 정확히 같지 않을 수 있음
20212	방산시장			418	424	8	10	6	1.8868	2.3585	4.2453	1.4151				1	1	방산종합시장(방산시장)[전통시장]	명칭 기반 대표상권 매칭이며 임대료 통계의 공간 경계와 정확히 같지 않을 수 있음
20213	방산시장			424	430	16	10	6	3.7209	2.3256	6.0465	1.3953				1	1	방산종합시장(방산시장)[전통시장]	명칭 기반 대표상권 매칭이며 임대료 통계의 공간 경계와 정확히 같지 않을 수 있음
20214	방산시장			425	431	10	9	6	2.3202	2.0882	4.4084	1.3921				1	1	방산종합시장(방산시장)[전통시장]	명칭 기반 대표상권 매칭이며 임대료 통계의 공간 경계와 정확히 같지 않을 수 있음
20221	방산시장			426	432	9	8	6	2.0833	1.8519	3.9352	1.3889	0.2087	0.4141	0.2152	1	1	방산종합시장(방산시장)[전통시장]	명칭 기반 대표상권 매칭이며 임대료 통계의 공간 경계와 정확히 같지 않을 수 있음
20222	방산시장			423	429	3	6	6	0.6993	1.3986	2.0979	1.3986	-0.9599	-2.1474	-0.0165	1	1	방산종합시장(방산시장)[전통시장]	명칭 기반 대표상권 매칭이며 임대료 통계의 공간 경계와 정확히 같지 않을 수 있음
20223	방산시장			419	425	0	4	6	0.0000	0.9412	0.9412	1.4118	-1.3844	-5.1053	0.0164	1	1	방산종합시장(방산시장)[전통시장]	명칭 기반 대표상권 매칭이며 임대료 통계의 공간 경계와 정확히 같지 않을 수 있음
20224	방산시장			423	429	9	5	6	2.0979	1.1655	3.2634	1.3986	-0.9227	-1.1449	0.0065	1	1	방산종합시장(방산시장)[전통시장]	명칭 기반 대표상권 매칭이며 임대료 통계의 공간 경계와 정확히 같지 않을 수 있음
20231	방산시장			422	428	8	9	6	1.8692	2.1028	3.9720	1.4019	0.2510	0.0368	0.0130	1	1	방산종합시장(방산시장)[전통시장]	명칭 기반 대표상권 매칭이며 임대료 통계의 공간 경계와 정확히 같지 않을 수 있음
20232	방산시장			418	425	9	12	7	2.1176	2.8235	4.9412	1.6471	1.4249	2.8433	0.2485	1	1	방산종합시장(방산시장)[전통시장]	명칭 기반 대표상권 매칭이며 임대료 통계의 공간 경계와 정확히 같지 않을 수 있음
20233	방산시장			419	425	7	7	6	1.6471	1.6471	3.2941	1.4118	0.7059	2.3529	0.0000	1	1	방산종합시장(방산시장)[전통시장]	명칭 기반 대표상권 매칭이며 임대료 통계의 공간 경계와 정확히 같지 않을 수 있음
20234	방산시장			417	423	4	6	6	0.9456	1.4184	2.3641	1.4184	0.2529	-0.8993	0.0198	1	1	방산종합시장(방산시장)[전통시장]	명칭 기반 대표상권 매칭이며 임대료 통계의 공간 경계와 정확히 같지 않을 수 있음
20241	방산시장			411	419	8	12	8	1.9093	2.8640	4.7733	1.9093	0.7612	0.8013	0.5074	1	1	방산종합시장(방산시장)[전통시장]	명칭 기반 대표상권 매칭이며 임대료 통계의 공간 경계와 정확히 같지 않을 수 있음
20242	방산시장			420	428	11	2	8	2.5701	0.4673	3.0374	1.8692	-2.3562	-1.9038	0.2221	1	1	방산종합시장(방산시장)[전통시장]	명칭 기반 대표상권 매칭이며 임대료 통계의 공간 경계와 정확히 같지 않을 수 있음
20243	방산시장	72.9		421	430	13	11	9	3.0233	2.5581	5.5814	2.0930	0.9111	2.2873	0.6813	1	1	방산종합시장(방산시장)[전통시장]	명칭 기반 대표상권 매칭이며 임대료 통계의 공간 경계와 정확히 같지 않을 수 있음
20244	방산시장	72.9		425	434	12	7	9	2.7650	1.6129	4.3779	2.0737	0.1945	2.0138	0.6553	1	1	방산종합시장(방산시장)[전통시장]	명칭 기반 대표상권 매칭이며 임대료 통계의 공간 경계와 정확히 같지 않을 수 있음
20251	방산시장	72.8		419	428	2	8	9	0.4673	1.8692	2.3364	2.1028	-0.9948	-2.4368	0.1935	1	1	방산종합시장(방산시장)[전통시장]	명칭 기반 대표상권 매칭이며 임대료 통계의 공간 경계와 정확히 같지 않을 수 있음
20252	방산시장	72.8		421	429	6	5	8	1.3986	1.1655	2.5641	1.8648	0.6982	-0.4733	-0.0044	1	1	방산종합시장(방산시장)[전통시장]	명칭 기반 대표상권 매칭이며 임대료 통계의 공간 경계와 정확히 같지 않을 수 있음
20253	방산시장	72.7	-0.2743	423	432	13	10	9	3.0093	2.3148	5.3241	2.0833	-0.2433	-0.2573	-0.0097	1	1	방산종합시장(방산시장)[전통시장]	명칭 기반 대표상권 매칭이며 임대료 통계의 공간 경계와 정확히 같지 않을 수 있음
20254	방산시장	72.8	-0.1372	432	443	18	7	11	4.0632	1.5801	5.6433	2.4831	-0.0328	1.2655	0.4093	1	1	방산종합시장(방산시장)[전통시장]	명칭 기반 대표상권 매칭이며 임대료 통계의 공간 경계와 정확히 같지 않을 수 있음
20261	방산시장	71.3	-2.0604													1	0	방산종합시장(방산시장)[전통시장]	명칭 기반 대표상권 매칭이며 임대료 통계의 공간 경계와 정확히 같지 않을 수 있음
20211	북촌			482	534	12	11	52	2.2472	2.0599	4.3071	9.7378				1	1	북촌(안국역)[발달상권]	명칭 기반 대표상권 매칭이며 임대료 통계의 공간 경계와 정확히 같지 않을 수 있음
20212	북촌			485	539	18	13	54	3.3395	2.4119	5.7514	10.0186				1	1	북촌(안국역)[발달상권]	명칭 기반 대표상권 매칭이며 임대료 통계의 공간 경계와 정확히 같지 않을 수 있음
20213	북촌			491	543	12	8	52	2.2099	1.4733	3.6832	9.5764				1	1	북촌(안국역)[발달상권]	명칭 기반 대표상권 매칭이며 임대료 통계의 공간 경계와 정확히 같지 않을 수 있음
20214	북촌			508	560	36	19	52	6.4286	3.3929	9.8214	9.2857				1	1	북촌(안국역)[발달상권]	명칭 기반 대표상권 매칭이며 임대료 통계의 공간 경계와 정확히 같지 않을 수 있음
20221	북촌			516	567	20	13	51	3.5273	2.2928	5.8201	8.9947	0.2328	1.5130	-0.7431	1	1	북촌(안국역)[발달상권]	명칭 기반 대표상권 매칭이며 임대료 통계의 공간 경계와 정확히 같지 않을 수 있음
20222	북촌			517	567	10	10	50	1.7637	1.7637	3.5273	8.8183	-0.6482	-2.2241	-1.2002	1	1	북촌(안국역)[발달상권]	명칭 기반 대표상권 매칭이며 임대료 통계의 공간 경계와 정확히 같지 않을 수 있음
20223	북촌			522	572	14	9	50	2.4476	1.5734	4.0210	8.7413	0.1001	0.3377	-0.8352	1	1	북촌(안국역)[발달상권]	명칭 기반 대표상권 매칭이며 임대료 통계의 공간 경계와 정확히 같지 않을 수 있음
20224	북촌			537	588	29	13	51	4.9320	2.2109	7.1429	8.6735	-1.1820	-2.6786	-0.6122	1	1	북촌(안국역)[발달상권]	명칭 기반 대표상권 매칭이며 임대료 통계의 공간 경계와 정확히 같지 않을 수 있음
20231	북촌			540	589	15	14	49	2.5467	2.3769	4.9236	8.3192	0.0841	-0.8965	-0.6755	1	1	북촌(안국역)[발달상권]	명칭 기반 대표상권 매칭이며 임대료 통계의 공간 경계와 정확히 같지 않을 수 있음
20232	북촌			547	594	18	13	47	3.0303	2.1886	5.2189	7.9125	0.4249	1.6915	-0.9059	1	1	북촌(안국역)[발달상권]	명칭 기반 대표상권 매칭이며 임대료 통계의 공간 경계와 정확히 같지 않을 수 있음
20233	북촌			544	589	15	20	45	2.5467	3.3956	5.9423	7.6401	1.8222	1.9213	-1.1012	1	1	북촌(안국역)[발달상권]	명칭 기반 대표상권 매칭이며 임대료 통계의 공간 경계와 정확히 같지 않을 수 있음
20234	북촌			542	586	10	13	44	1.7065	2.2184	3.9249	7.5085	0.0075	-3.2179	-1.1649	1	1	북촌(안국역)[발달상권]	명칭 기반 대표상권 매칭이며 임대료 통계의 공간 경계와 정확히 같지 않을 수 있음
20241	북촌			537	580	22	28	43	3.7931	4.8276	8.6207	7.4138	2.4507	3.6971	-0.9054	1	1	북촌(안국역)[발달상권]	명칭 기반 대표상권 매칭이며 임대료 통계의 공간 경계와 정확히 같지 않을 수 있음
20242	북촌			547	591	21	10	44	3.5533	1.6920	5.2453	7.4450	-0.4965	0.0265	-0.4674	1	1	북촌(안국역)[발달상권]	명칭 기반 대표상권 매칭이며 임대료 통계의 공간 경계와 정확히 같지 않을 수 있음
20243	북촌	97.3		550	594	16	13	44	2.6936	2.1886	4.8822	7.4074	-1.2070	-1.0601	-0.2327	1	1	북촌(안국역)[발달상권]	명칭 기반 대표상권 매칭이며 임대료 통계의 공간 경계와 정확히 같지 않을 수 있음
20244	북촌	97.5		557	600	14	8	43	2.3333	1.3333	3.6667	7.1667	-0.8851	-0.2582	-0.3419	1	1	북촌(안국역)[발달상권]	명칭 기반 대표상권 매칭이며 임대료 통계의 공간 경계와 정확히 같지 않을 수 있음
20251	북촌	97.4		558	602	15	12	44	2.4917	1.9934	4.4850	7.3090	-2.8342	-4.1356	-0.1048	1	1	북촌(안국역)[발달상권]	명칭 기반 대표상권 매칭이며 임대료 통계의 공간 경계와 정확히 같지 않을 수 있음
20252	북촌	97.6		556	600	8	10	44	1.3333	1.6667	3.0000	7.3333	-0.0254	-2.2453	-0.1117	1	1	북촌(안국역)[발달상권]	명칭 기반 대표상권 매칭이며 임대료 통계의 공간 경계와 정확히 같지 않을 수 있음
20253	북촌	98.1	0.8222	554	599	15	17	45	2.5042	2.8381	5.3422	7.5125	0.6495	0.4601	0.1051	1	1	북촌(안국역)[발달상권]	명칭 기반 대표상권 매칭이며 임대료 통계의 공간 경계와 정확히 같지 않을 수 있음
20254	북촌	98.7	1.2308	554	596	13	16	42	2.1812	2.6846	4.8658	7.0470	1.3512	1.1991	-0.1197	1	1	북촌(안국역)[발달상권]	명칭 기반 대표상권 매칭이며 임대료 통계의 공간 경계와 정확히 같지 않을 수 있음
20261	북촌	99.5	2.1561													1	0	북촌(안국역)[발달상권]	명칭 기반 대표상권 매칭이며 임대료 통계의 공간 경계와 정확히 같지 않을 수 있음
20211	서촌			549	568	9	19	19	1.5845	3.3451	4.9296	3.3451				1	1	서촌(경복궁역)[발달상권]	명칭 기반 대표상권 매칭이며 임대료 통계의 공간 경계와 정확히 같지 않을 수 있음
20212	서촌			547	566	17	19	19	3.0035	3.3569	6.3604	3.3569				1	1	서촌(경복궁역)[발달상권]	명칭 기반 대표상권 매칭이며 임대료 통계의 공간 경계와 정확히 같지 않을 수 있음
20213	서촌			553	572	18	12	19	3.1469	2.0979	5.2448	3.3217				1	1	서촌(경복궁역)[발달상권]	명칭 기반 대표상권 매칭이며 임대료 통계의 공간 경계와 정확히 같지 않을 수 있음
20214	서촌			555	574	9	7	19	1.5679	1.2195	2.7875	3.3101				1	1	서촌(경복궁역)[발달상권]	명칭 기반 대표상권 매칭이며 임대료 통계의 공간 경계와 정확히 같지 않을 수 있음
20221	서촌			558	577	18	15	19	3.1196	2.5997	5.7192	3.2929	-0.7454	0.7897	-0.0522	1	1	서촌(경복궁역)[발달상권]	명칭 기반 대표상권 매칭이며 임대료 통계의 공간 경계와 정확히 같지 않을 수 있음
20222	서촌			575	594	23	6	19	3.8721	1.0101	4.8822	3.1987	-2.3468	-1.4783	-0.1582	1	1	서촌(경복궁역)[발달상권]	명칭 기반 대표상권 매칭이며 임대료 통계의 공간 경계와 정확히 같지 않을 수 있음
20223	서촌			578	598	15	11	20	2.5084	1.8395	4.3478	3.3445	-0.2584	-0.8969	0.0228	1	1	서촌(경복궁역)[발달상권]	명칭 기반 대표상권 매칭이며 임대료 통계의 공간 경계와 정확히 같지 않을 수 있음
20224	서촌			593	613	22	7	20	3.5889	1.1419	4.7308	3.2626	-0.0776	1.9434	-0.0475	1	1	서촌(경복궁역)[발달상권]	명칭 기반 대표상권 매칭이며 임대료 통계의 공간 경계와 정확히 같지 않을 수 있음
20231	서촌			596	615	18	16	19	2.9268	2.6016	5.5285	3.0894	0.0020	-0.1908	-0.2035	1	1	서촌(경복궁역)[발달상권]	명칭 기반 대표상권 매칭이며 임대료 통계의 공간 경계와 정확히 같지 않을 수 있음
20232	서촌			603	623	18	10	20	2.8892	1.6051	4.4944	3.2103	0.5950	-0.3878	0.0116	1	1	서촌(경복궁역)[발달상권]	명칭 기반 대표상권 매칭이며 임대료 통계의 공간 경계와 정확히 같지 않을 수 있음
20233	서촌			605	626	12	9	21	1.9169	1.4377	3.3546	3.3546	-0.4018	-0.9932	0.0102	1	1	서촌(경복궁역)[발달상권]	명칭 기반 대표상권 매칭이며 임대료 통계의 공간 경계와 정확히 같지 않을 수 있음
20234	서촌			604	625	11	12	21	1.7600	1.9200	3.6800	3.3600	0.7781	-1.0508	0.0974	1	1	서촌(경복궁역)[발달상권]	명칭 기반 대표상권 매칭이며 임대료 통계의 공간 경계와 정확히 같지 않을 수 있음
20241	서촌			613	636	25	14	23	3.9308	2.2013	6.1321	3.6164	-0.4004	0.6036	0.5269	1	1	서촌(경복궁역)[발달상권]	명칭 기반 대표상권 매칭이며 임대료 통계의 공간 경계와 정확히 같지 않을 수 있음
20242	서촌			619	641	22	17	22	3.4321	2.6521	6.0842	3.4321	1.0470	1.5899	0.2219	1	1	서촌(경복궁역)[발달상권]	명칭 기반 대표상권 매칭이며 임대료 통계의 공간 경계와 정확히 같지 않을 수 있음
20243	서촌	43.6		622	644	16	13	22	2.4845	2.0186	4.5031	3.4161	0.5809	1.1485	0.0615	1	1	서촌(경복궁역)[발달상권]	명칭 기반 대표상권 매칭이며 임대료 통계의 공간 경계와 정확히 같지 않을 수 있음
20244	서촌	43.7		624	646	17	15	22	2.6316	2.3220	4.9536	3.4056	0.4020	1.2736	0.0456	1	1	서촌(경복궁역)[발달상권]	명칭 기반 대표상권 매칭이며 임대료 통계의 공간 경계와 정확히 같지 않을 수 있음
20251	서촌	43.5		626	651	19	16	25	2.9186	2.4578	5.3763	3.8402	0.2565	-0.7557	0.2239	1	1	서촌(경복궁역)[발달상권]	명칭 기반 대표상권 매칭이며 임대료 통계의 공간 경계와 정확히 같지 않을 수 있음
20252	서촌	43.6		627	652	14	10	25	2.1472	1.5337	3.6810	3.8344	-1.1184	-2.4033	0.4022	1	1	서촌(경복궁역)[발달상권]	명칭 기반 대표상권 매칭이며 임대료 통계의 공간 경계와 정확히 같지 않을 수 있음
20253	서촌	43.9	0.6881	624	649	16	18	25	2.4653	2.7735	5.2388	3.8521	0.7549	0.7357	0.4359	1	1	서촌(경복궁역)[발달상권]	명칭 기반 대표상권 매칭이며 임대료 통계의 공간 경계와 정확히 같지 않을 수 있음
20254	서촌	44.2	1.1442	628	653	14	11	25	2.1440	1.6845	3.8285	3.8285	-0.6374	-1.1251	0.4229	1	1	서촌(경복궁역)[발달상권]	명칭 기반 대표상권 매칭이며 임대료 통계의 공간 경계와 정확히 같지 않을 수 있음
20261	서촌	44.6	2.5287													1	0	서촌(경복궁역)[발달상권]	명칭 기반 대표상권 매칭이며 임대료 통계의 공간 경계와 정확히 같지 않을 수 있음
20211	시청			2745	2968	73	69	223	2.4596	2.3248	4.7844	7.5135				5	5	서울시청[발달상권] | 시청역_1번[발달상권] | 시청역_8번[발달상권] | 북창동(시청역_6번)[발달상권] | 롯데백화점(시청광장 지하쇼핑센터)[발달상권]	명칭 기반 대표상권 매칭이며 임대료 통계의 공간 경계와 정확히 같지 않을 수 있음
20212	시청			2748	2969	51	50	221	1.7178	1.6841	3.4018	7.4436				5	5	서울시청[발달상권] | 시청역_1번[발달상권] | 시청역_8번[발달상권] | 북창동(시청역_6번)[발달상권] | 롯데백화점(시청광장 지하쇼핑센터)[발달상권]	명칭 기반 대표상권 매칭이며 임대료 통계의 공간 경계와 정확히 같지 않을 수 있음
20213	시청			2758	2972	55	52	214	1.8506	1.7497	3.6003	7.2005				5	5	서울시청[발달상권] | 시청역_1번[발달상권] | 시청역_8번[발달상권] | 북창동(시청역_6번)[발달상권] | 롯데백화점(시청광장 지하쇼핑센터)[발달상권]	명칭 기반 대표상권 매칭이며 임대료 통계의 공간 경계와 정확히 같지 않을 수 있음
20214	시청			2767	2975	60	57	208	2.0168	1.9160	3.9328	6.9916				5	5	서울시청[발달상권] | 시청역_1번[발달상권] | 시청역_8번[발달상권] | 북창동(시청역_6번)[발달상권] | 롯데백화점(시청광장 지하쇼핑센터)[발달상권]	명칭 기반 대표상권 매칭이며 임대료 통계의 공간 경계와 정확히 같지 않을 수 있음
20221	시청			2779	2986	54	43	207	1.8084	1.4401	3.2485	6.9324	-0.8847	-1.5359	-0.5811	5	5	서울시청[발달상권] | 시청역_1번[발달상권] | 시청역_8번[발달상권] | 북창동(시청역_6번)[발달상권] | 롯데백화점(시청광장 지하쇼핑센터)[발달상권]	명칭 기반 대표상권 매칭이며 임대료 통계의 공간 경계와 정확히 같지 않을 수 있음
20222	시청			2805	3015	52	23	210	1.7247	0.7629	2.4876	6.9652	-0.9212	-0.9143	-0.4784	5	5	서울시청[발달상권] | 시청역_1번[발달상권] | 시청역_8번[발달상권] | 북창동(시청역_6번)[발달상권] | 롯데백화점(시청광장 지하쇼핑센터)[발달상권]	명칭 기반 대표상권 매칭이며 임대료 통계의 공간 경계와 정확히 같지 않을 수 있음
20223	시청			2814	3026	71	60	212	2.3463	1.9828	4.3291	7.0059	0.2332	0.7289	-0.1946	5	5	서울시청[발달상권] | 시청역_1번[발달상권] | 시청역_8번[발달상권] | 북창동(시청역_6번)[발달상권] | 롯데백화점(시청광장 지하쇼핑센터)[발달상권]	명칭 기반 대표상권 매칭이며 임대료 통계의 공간 경계와 정확히 같지 않을 수 있음
20224	시청			2838	3051	83	58	213	2.7204	1.9010	4.6214	6.9813	-0.0150	0.6887	-0.0103	5	5	서울시청[발달상권] | 시청역_1번[발달상권] | 시청역_8번[발달상권] | 북창동(시청역_6번)[발달상권] | 롯데백화점(시청광장 지하쇼핑센터)[발달상권]	명칭 기반 대표상권 매칭이며 임대료 통계의 공간 경계와 정확히 같지 않을 수 있음
20231	시청			2831	3047	66	70	216	2.1661	2.2973	4.4634	7.0889	0.8573	1.2149	0.1566	5	5	서울시청[발달상권] | 시청역_1번[발달상권] | 시청역_8번[발달상권] | 북창동(시청역_6번)[발달상권] | 롯데백화점(시청광장 지하쇼핑센터)[발달상권]	명칭 기반 대표상권 매칭이며 임대료 통계의 공간 경계와 정확히 같지 않을 수 있음
20232	시청			2819	3039	58	66	220	1.9085	2.1718	4.0803	7.2392	1.4089	1.5927	0.2740	5	5	서울시청[발달상권] | 시청역_1번[발달상권] | 시청역_8번[발달상권] | 북창동(시청역_6번)[발달상권] | 롯데백화점(시청광장 지하쇼핑센터)[발달상권]	명칭 기반 대표상권 매칭이며 임대료 통계의 공간 경계와 정확히 같지 않을 수 있음
20233	시청			2820	3042	65	62	222	2.1368	2.0381	4.1749	7.2978	0.0553	-0.1543	0.2919	5	5	서울시청[발달상권] | 시청역_1번[발달상권] | 시청역_8번[발달상권] | 북창동(시청역_6번)[발달상권] | 롯데백화점(시청광장 지하쇼핑센터)[발달상권]	명칭 기반 대표상권 매칭이며 임대료 통계의 공간 경계와 정확히 같지 않을 수 있음
20234	시청			2800	3023	38	57	223	1.2570	1.8855	3.1426	7.3768	-0.0155	-1.4789	0.3955	5	5	서울시청[발달상권] | 시청역_1번[발달상권] | 시청역_8번[발달상권] | 북창동(시청역_6번)[발달상권] | 롯데백화점(시청광장 지하쇼핑센터)[발달상권]	명칭 기반 대표상권 매칭이며 임대료 통계의 공간 경계와 정확히 같지 않을 수 있음
20241	시청			2788	3008	31	46	220	1.0306	1.5293	2.5598	7.3138	-0.7681	-1.9036	0.2249	5	5	서울시청[발달상권] | 시청역_1번[발달상권] | 시청역_8번[발달상권] | 북창동(시청역_6번)[발달상권] | 롯데백화점(시청광장 지하쇼핑센터)[발달상권]	명칭 기반 대표상권 매칭이며 임대료 통계의 공간 경계와 정확히 같지 않을 수 있음
20242	시청			2794	3012	38	34	218	1.2616	1.1288	2.3904	7.2377	-1.0429	-1.6899	-0.0015	5	5	서울시청[발달상권] | 시청역_1번[발달상권] | 시청역_8번[발달상권] | 북창동(시청역_6번)[발달상권] | 롯데백화점(시청광장 지하쇼핑센터)[발달상권]	명칭 기반 대표상권 매칭이며 임대료 통계의 공간 경계와 정확히 같지 않을 수 있음
20243	시청	95.7		2766	2985	28	55	219	0.9380	1.8425	2.7806	7.3367	-0.1956	-1.3943	0.0389	5	5	서울시청[발달상권] | 시청역_1번[발달상권] | 시청역_8번[발달상권] | 북창동(시청역_6번)[발달상권] | 롯데백화점(시청광장 지하쇼핑센터)[발달상권]	명칭 기반 대표상권 매칭이며 임대료 통계의 공간 경계와 정확히 같지 않을 수 있음
20244	시청	95.8		2745	2965	19	39	220	0.6408	1.3153	1.9562	7.4199	-0.5702	-1.1864	0.0431	5	5	서울시청[발달상권] | 시청역_1번[발달상권] | 시청역_8번[발달상권] | 북창동(시청역_6번)[발달상권] | 롯데백화점(시청광장 지하쇼핑센터)[발달상권]	명칭 기반 대표상권 매칭이며 임대료 통계의 공간 경계와 정확히 같지 않을 수 있음
20251	시청	95.7		2718	2937	25	53	219	0.8512	1.8046	2.6558	7.4566	0.2753	0.0959	0.1428	5	5	서울시청[발달상권] | 시청역_1번[발달상권] | 시청역_8번[발달상권] | 북창동(시청역_6번)[발달상권] | 롯데백화점(시청광장 지하쇼핑센터)[발달상권]	명칭 기반 대표상권 매칭이며 임대료 통계의 공간 경계와 정확히 같지 않을 수 있음
20252	시청	95.8		2691	2912	28	51	221	0.9615	1.7514	2.7129	7.5893	0.6226	0.3225	0.3516	5	5	서울시청[발달상권] | 시청역_1번[발달상권] | 시청역_8번[발달상권] | 북창동(시청역_6번)[발달상권] | 롯데백화점(시청광장 지하쇼핑센터)[발달상권]	명칭 기반 대표상권 매칭이며 임대료 통계의 공간 경계와 정확히 같지 않을 수 있음
20253	시청	95.8	0.1045	2670	2888	35	58	218	1.2119	2.0083	3.2202	7.5485	0.1658	0.4397	0.2118	5	5	서울시청[발달상권] | 시청역_1번[발달상권] | 시청역_8번[발달상권] | 북창동(시청역_6번)[발달상권] | 롯데백화점(시청광장 지하쇼핑센터)[발달상권]	명칭 기반 대표상권 매칭이며 임대료 통계의 공간 경계와 정확히 같지 않을 수 있음
20254	시청	96.3	0.5219	2651	2866	26	51	215	0.9072	1.7795	2.6867	7.5017	0.4641	0.7305	0.0818	5	5	서울시청[발달상권] | 시청역_1번[발달상권] | 시청역_8번[발달상권] | 북창동(시청역_6번)[발달상권] | 롯데백화점(시청광장 지하쇼핑센터)[발달상권]	명칭 기반 대표상권 매칭이며 임대료 통계의 공간 경계와 정확히 같지 않을 수 있음
20261	시청	96.9	1.2539													5	0	서울시청[발달상권] | 시청역_1번[발달상권] | 시청역_8번[발달상권] | 북창동(시청역_6번)[발달상권] | 롯데백화점(시청광장 지하쇼핑센터)[발달상권]	명칭 기반 대표상권 매칭이며 임대료 통계의 공간 경계와 정확히 같지 않을 수 있음
20211	을지로			2182	2407	40	42	225	1.6618	1.7449	3.4067	9.3477				4	4	을지로입구역[발달상권] | 을지로2가[발달상권] | 을지로3가역[발달상권] | 을지로4가역[발달상권]	명칭 기반 대표상권 매칭이며 임대료 통계의 공간 경계와 정확히 같지 않을 수 있음
20212	을지로			2189	2410	52	49	221	2.1577	2.0332	4.1909	9.1701				4	4	을지로입구역[발달상권] | 을지로2가[발달상권] | 을지로3가역[발달상권] | 을지로4가역[발달상권]	명칭 기반 대표상권 매칭이며 임대료 통계의 공간 경계와 정확히 같지 않을 수 있음
20213	을지로			2197	2419	57	48	222	2.3563	1.9843	4.3406	9.1773				4	4	을지로입구역[발달상권] | 을지로2가[발달상권] | 을지로3가역[발달상권] | 을지로4가역[발달상권]	명칭 기반 대표상권 매칭이며 임대료 통계의 공간 경계와 정확히 같지 않을 수 있음
20214	을지로			2215	2436	72	55	221	2.9557	2.2578	5.2135	9.0722				4	4	을지로입구역[발달상권] | 을지로2가[발달상권] | 을지로3가역[발달상권] | 을지로4가역[발달상권]	명칭 기반 대표상권 매칭이며 임대료 통계의 공간 경계와 정확히 같지 않을 수 있음
20221	을지로			2211	2432	37	41	221	1.5214	1.6859	3.2072	9.0872	-0.0591	-0.1995	-0.2606	4	4	을지로입구역[발달상권] | 을지로2가[발달상권] | 을지로3가역[발달상권] | 을지로4가역[발달상권]	명칭 기반 대표상권 매칭이며 임대료 통계의 공간 경계와 정확히 같지 않을 수 있음
20222	을지로			2221	2442	55	45	221	2.2523	1.8428	4.0950	9.0500	-0.1904	-0.0959	-0.1202	4	4	을지로입구역[발달상권] | 을지로2가[발달상권] | 을지로3가역[발달상권] | 을지로4가역[발달상권]	명칭 기반 대표상권 매칭이며 임대료 통계의 공간 경계와 정확히 같지 않을 수 있음
20223	을지로			2211	2427	49	64	216	2.0190	2.6370	4.6560	8.8999	0.6527	0.3153	-0.2775	4	4	을지로입구역[발달상권] | 을지로2가[발달상권] | 을지로3가역[발달상권] | 을지로4가역[발달상권]	명칭 기반 대표상권 매칭이며 임대료 통계의 공간 경계와 정확히 같지 않을 수 있음
20224	을지로			2245	2467	81	41	222	3.2833	1.6619	4.9453	8.9988	-0.5959	-0.2682	-0.0735	4	4	을지로입구역[발달상권] | 을지로2가[발달상권] | 을지로3가역[발달상권] | 을지로4가역[발달상권]	명칭 기반 대표상권 매칭이며 임대료 통계의 공간 경계와 정확히 같지 않을 수 있음
20231	을지로			2263	2486	67	48	223	2.6951	1.9308	4.6259	8.9702	0.2450	1.4187	-0.1169	4	4	을지로입구역[발달상권] | 을지로2가[발달상권] | 을지로3가역[발달상권] | 을지로4가역[발달상권]	명칭 기반 대표상권 매칭이며 임대료 통계의 공간 경계와 정확히 같지 않을 수 있음
20232	을지로			2269	2497	56	45	228	2.2427	1.8022	4.0449	9.1310	-0.0406	-0.0502	0.0810	4	4	을지로입구역[발달상권] | 을지로2가[발달상권] | 을지로3가역[발달상권] | 을지로4가역[발달상권]	명칭 기반 대표상권 매칭이며 임대료 통계의 공간 경계와 정확히 같지 않을 수 있음
20233	을지로			2287	2516	79	60	229	3.1399	2.3847	5.5246	9.1017	-0.2523	0.8687	0.2019	4	4	을지로입구역[발달상권] | 을지로2가[발달상권] | 을지로3가역[발달상권] | 을지로4가역[발달상권]	명칭 기반 대표상권 매칭이며 임대료 통계의 공간 경계와 정확히 같지 않을 수 있음
20234	을지로			2313	2541	62	37	228	2.4400	1.4561	3.8961	8.9728	-0.2058	-1.0492	-0.0259	4	4	을지로입구역[발달상권] | 을지로2가[발달상권] | 을지로3가역[발달상권] | 을지로4가역[발달상권]	명칭 기반 대표상권 매칭이며 임대료 통계의 공간 경계와 정확히 같지 않을 수 있음
20241	을지로			2316	2555	59	45	239	2.3092	1.7613	4.0705	9.3542	-0.1696	-0.5555	0.3840	4	4	을지로입구역[발달상권] | 을지로2가[발달상권] | 을지로3가역[발달상권] | 을지로4가역[발달상권]	명칭 기반 대표상권 매칭이며 임대료 통계의 공간 경계와 정확히 같지 않을 수 있음
20242	을지로			2316	2556	49	48	240	1.9171	1.8779	3.7950	9.3897	0.0758	-0.2499	0.2587	4	4	을지로입구역[발달상권] | 을지로2가[발달상권] | 을지로3가역[발달상권] | 을지로4가역[발달상권]	명칭 기반 대표상권 매칭이며 임대료 통계의 공간 경계와 정확히 같지 않을 수 있음
20243	을지로	67.9		2334	2578	67	45	244	2.5989	1.7455	4.3445	9.4647	-0.6392	-1.1802	0.3630	4	4	을지로입구역[발달상권] | 을지로2가[발달상권] | 을지로3가역[발달상권] | 을지로4가역[발달상권]	명칭 기반 대표상권 매칭이며 임대료 통계의 공간 경계와 정확히 같지 않을 수 있음
20244	을지로	68.0		2343	2581	49	47	238	1.8985	1.8210	3.7195	9.2212	0.3649	-0.1766	0.2484	4	4	을지로입구역[발달상권] | 을지로2가[발달상권] | 을지로3가역[발달상권] | 을지로4가역[발달상권]	명칭 기반 대표상권 매칭이며 임대료 통계의 공간 경계와 정확히 같지 않을 수 있음
20251	을지로	67.8		2332	2563	40	57	231	1.5607	2.2240	3.7846	9.0129	0.4627	-0.2858	-0.3413	4	4	을지로입구역[발달상권] | 을지로2가[발달상권] | 을지로3가역[발달상권] | 을지로4가역[발달상권]	명칭 기반 대표상권 매칭이며 임대료 통계의 공간 경계와 정확히 같지 않을 수 있음
20252	을지로	67.9		2335	2569	46	40	234	1.7906	1.5570	3.3476	9.1086	-0.3209	-0.4474	-0.2811	4	4	을지로입구역[발달상권] | 을지로2가[발달상권] | 을지로3가역[발달상권] | 을지로4가역[발달상권]	명칭 기반 대표상권 매칭이며 임대료 통계의 공간 경계와 정확히 같지 않을 수 있음
20253	을지로	68.0	0.1473	2325	2559	44	52	234	1.7194	2.0320	3.7515	9.1442	0.2865	-0.5930	-0.3205	4	4	을지로입구역[발달상권] | 을지로2가[발달상권] | 을지로3가역[발달상권] | 을지로4가역[발달상권]	명칭 기반 대표상권 매칭이며 임대료 통계의 공간 경계와 정확히 같지 않을 수 있음
20254	을지로	68.2	0.2941	2332	2561	47	44	229	1.8352	1.7181	3.5533	8.9418	-0.1029	-0.1662	-0.2794	4	4	을지로입구역[발달상권] | 을지로2가[발달상권] | 을지로3가역[발달상권] | 을지로4가역[발달상권]	명칭 기반 대표상권 매칭이며 임대료 통계의 공간 경계와 정확히 같지 않을 수 있음
20261	을지로	68.7	1.3274													4	0	을지로입구역[발달상권] | 을지로2가[발달상권] | 을지로3가역[발달상권] | 을지로4가역[발달상권]	명칭 기반 대표상권 매칭이며 임대료 통계의 공간 경계와 정확히 같지 않을 수 있음
20211	종로			5687	5891	93	118	204	1.5787	2.0031	3.5817	3.4629				4	4	종로3가역[발달상권] | 종로4가[발달상권] | 종로5가역[발달상권] | 종로6가[발달상권]	명칭 기반 대표상권 매칭이며 임대료 통계의 공간 경계와 정확히 같지 않을 수 있음
20212	종로			5701	5901	115	105	200	1.9488	1.7794	3.7282	3.3893				4	4	종로3가역[발달상권] | 종로4가[발달상권] | 종로5가역[발달상권] | 종로6가[발달상권]	명칭 기반 대표상권 매칭이며 임대료 통계의 공간 경계와 정확히 같지 않을 수 있음
20213	종로			5698	5892	100	109	194	1.6972	1.8500	3.5472	3.2926				4	4	종로3가역[발달상권] | 종로4가[발달상권] | 종로5가역[발달상권] | 종로6가[발달상권]	명칭 기반 대표상권 매칭이며 임대료 통계의 공간 경계와 정확히 같지 않을 수 있음
20214	종로			5707	5901	108	99	194	1.8302	1.6777	3.5079	3.2876				4	4	종로3가역[발달상권] | 종로4가[발달상권] | 종로5가역[발달상권] | 종로6가[발달상권]	명칭 기반 대표상권 매칭이며 임대료 통계의 공간 경계와 정확히 같지 않을 수 있음
20221	종로			5712	5906	101	96	194	1.7101	1.6255	3.3356	3.2848	-0.3776	-0.2461	-0.1781	4	4	종로3가역[발달상권] | 종로4가[발달상권] | 종로5가역[발달상권] | 종로6가[발달상권]	명칭 기반 대표상권 매칭이며 임대료 통계의 공간 경계와 정확히 같지 않을 수 있음
20222	종로			5733	5930	99	75	197	1.6695	1.2648	2.9342	3.3221	-0.5146	-0.7939	-0.0672	4	4	종로3가역[발달상권] | 종로4가[발달상권] | 종로5가역[발달상권] | 종로6가[발달상권]	명칭 기반 대표상권 매칭이며 임대료 통계의 공간 경계와 정확히 같지 않을 수 있음
20223	종로			5734	5934	121	117	200	2.0391	1.9717	4.0108	3.3704	0.1217	0.4636	0.0778	4	4	종로3가역[발달상권] | 종로4가[발달상권] | 종로5가역[발달상권] | 종로6가[발달상권]	명칭 기반 대표상권 매칭이며 임대료 통계의 공간 경계와 정확히 같지 않을 수 있음
20224	종로			5759	5959	134	109	200	2.2487	1.8292	4.0779	3.3563	0.1515	0.5700	0.0687	4	4	종로3가역[발달상권] | 종로4가[발달상권] | 종로5가역[발달상권] | 종로6가[발달상권]	명칭 기반 대표상권 매칭이며 임대료 통계의 공간 경계와 정확히 같지 않을 수 있음
20231	종로			5740	5939	89	109	199	1.4986	1.8353	3.3339	3.3507	0.2099	-0.0017	0.0659	4	4	종로3가역[발달상권] | 종로4가[발달상권] | 종로5가역[발달상권] | 종로6가[발달상권]	명칭 기반 대표상권 매칭이며 임대료 통계의 공간 경계와 정확히 같지 않을 수 있음
20232	종로			5744	5939	100	100	195	1.6838	1.6838	3.3676	3.2834	0.4190	0.4333	-0.0387	4	4	종로3가역[발달상권] | 종로4가[발달상권] | 종로5가역[발달상권] | 종로6가[발달상권]	명칭 기반 대표상권 매칭이며 임대료 통계의 공간 경계와 정확히 같지 않을 수 있음
20233	종로			5758	5948	106	97	190	1.7821	1.6308	3.4129	3.1944	-0.3409	-0.5979	-0.1761	4	4	종로3가역[발달상권] | 종로4가[발달상권] | 종로5가역[발달상권] | 종로6가[발달상권]	명칭 기반 대표상권 매칭이며 임대료 통계의 공간 경계와 정확히 같지 않을 수 있음
20234	종로			5744	5940	99	107	196	1.6667	1.8013	3.4680	3.2997	-0.0278	-0.6099	-0.0566	4	4	종로3가역[발달상권] | 종로4가[발달상권] | 종로5가역[발달상권] | 종로6가[발달상권]	명칭 기반 대표상권 매칭이며 임대료 통계의 공간 경계와 정확히 같지 않을 수 있음
20241	종로			5740	5934	87	93	194	1.4661	1.5672	3.0334	3.2693	-0.2681	-0.3005	-0.0814	4	4	종로3가역[발달상권] | 종로4가[발달상권] | 종로5가역[발달상권] | 종로6가[발달상권]	명칭 기반 대표상권 매칭이며 임대료 통계의 공간 경계와 정확히 같지 않을 수 있음
20242	종로			5708	5903	89	120	195	1.5077	2.0329	3.5406	3.3034	0.3491	0.1730	0.0200	4	4	종로3가역[발달상권] | 종로4가[발달상권] | 종로5가역[발달상권] | 종로6가[발달상권]	명칭 기반 대표상권 매칭이며 임대료 통계의 공간 경계와 정확히 같지 않을 수 있음
20243	종로	69.3		5685	5879	84	108	194	1.4288	1.8370	3.2659	3.2999	0.2062	-0.1471	0.1055	4	4	종로3가역[발달상권] | 종로4가[발달상권] | 종로5가역[발달상권] | 종로6가[발달상권]	명칭 기반 대표상권 매칭이며 임대료 통계의 공간 경계와 정확히 같지 않을 수 있음
20244	종로	69.5		5696	5889	88	77	193	1.4943	1.3075	2.8018	3.2773	-0.4938	-0.6662	-0.0224	4	4	종로3가역[발달상권] | 종로4가[발달상권] | 종로5가역[발달상권] | 종로6가[발달상권]	명칭 기반 대표상권 매칭이며 임대료 통계의 공간 경계와 정확히 같지 않을 수 있음
20251	종로	69.5		5657	5856	70	101	199	1.1954	1.7247	2.9201	3.3982	0.1575	-0.1133	0.1289	4	4	종로3가역[발달상권] | 종로4가[발달상권] | 종로5가역[발달상권] | 종로6가[발달상권]	명칭 기반 대표상권 매칭이며 임대료 통계의 공간 경계와 정확히 같지 않을 수 있음
20252	종로	70.1		5655	5852	83	87	197	1.4183	1.4867	2.9050	3.3664	-0.5462	-0.6356	0.0630	4	4	종로3가역[발달상권] | 종로4가[발달상권] | 종로5가역[발달상권] | 종로6가[발달상권]	명칭 기반 대표상권 매칭이며 임대료 통계의 공간 경계와 정확히 같지 않을 수 있음
20253	종로	70.2	1.2987	5603	5795	72	125	192	1.2425	2.1570	3.3995	3.3132	0.3200	0.1336	0.0133	4	4	종로3가역[발달상권] | 종로4가[발달상권] | 종로5가역[발달상권] | 종로6가[발달상권]	명칭 기반 대표상권 매칭이며 임대료 통계의 공간 경계와 정확히 같지 않을 수 있음
20254	종로	70.3	1.1511	5601	5784	74	85	183	1.2794	1.4696	2.7490	3.1639	0.1620	-0.0529	-0.1134	4	4	종로3가역[발달상권] | 종로4가[발달상권] | 종로5가역[발달상권] | 종로6가[발달상권]	명칭 기반 대표상권 매칭이며 임대료 통계의 공간 경계와 정확히 같지 않을 수 있음
20261	종로	71.0	2.1583													4	0	종로3가역[발달상권] | 종로4가[발달상권] | 종로5가역[발달상권] | 종로6가[발달상권]	명칭 기반 대표상권 매칭이며 임대료 통계의 공간 경계와 정확히 같지 않을 수 있음
20211	충무로			1089	1186	23	21	97	1.9393	1.7707	3.7099	8.1788				1	1	충무로역[발달상권]	명칭 기반 대표상권 매칭이며 임대료 통계의 공간 경계와 정확히 같지 않을 수 있음
20212	충무로			1087	1181	33	38	94	2.7942	3.2176	6.0119	7.9594				1	1	충무로역[발달상권]	명칭 기반 대표상권 매칭이며 임대료 통계의 공간 경계와 정확히 같지 않을 수 있음
20213	충무로			1083	1176	17	22	93	1.4456	1.8707	3.3163	7.9082				1	1	충무로역[발달상권]	명칭 기반 대표상권 매칭이며 임대료 통계의 공간 경계와 정확히 같지 않을 수 있음
20214	충무로			1091	1187	33	22	96	2.7801	1.8534	4.6335	8.0876				1	1	충무로역[발달상권]	명칭 기반 대표상권 매칭이며 임대료 통계의 공간 경계와 정확히 같지 않을 수 있음
20221	충무로			1073	1167	19	39	94	1.6281	3.3419	4.9700	8.0548	1.5712	1.2601	-0.1239	1	1	충무로역[발달상권]	명칭 기반 대표상권 매칭이며 임대료 통계의 공간 경계와 정확히 같지 않을 수 있음
20222	충무로			1083	1179	20	8	96	1.6964	0.6785	2.3749	8.1425	-2.5391	-3.6370	0.1831	1	1	충무로역[발달상권]	명칭 기반 대표상권 매칭이며 임대료 통계의 공간 경계와 정확히 같지 않을 수 있음
20223	충무로			1081	1175	28	32	94	2.3830	2.7234	5.1064	8.0000	0.8527	1.7901	0.0918	1	1	충무로역[발달상권]	명칭 기반 대표상권 매칭이며 임대료 통계의 공간 경계와 정확히 같지 않을 수 있음
20224	충무로			1088	1183	33	25	95	2.7895	2.1133	4.9028	8.0304	0.2599	0.2693	-0.0572	1	1	충무로역[발달상권]	명칭 기반 대표상권 매칭이며 임대료 통계의 공간 경계와 정확히 같지 않을 수 있음
20231	충무로			1094	1188	33	28	94	2.7778	2.3569	5.1347	7.9125	-0.9850	0.1647	-0.1424	1	1	충무로역[발달상권]	명칭 기반 대표상권 매칭이며 임대료 통계의 공간 경계와 정확히 같지 않을 수 있음
20232	충무로			1094	1190	30	28	96	2.5210	2.3529	4.8739	8.0672	1.6744	2.4991	-0.0753	1	1	충무로역[발달상권]	명칭 기반 대표상권 매칭이며 임대료 통계의 공간 경계와 정확히 같지 않을 수 있음
20233	충무로			1111	1208	43	25	97	3.5596	2.0695	5.6291	8.0298	-0.6539	0.5228	0.0298	1	1	충무로역[발달상권]	명칭 기반 대표상권 매칭이며 임대료 통계의 공간 경계와 정확히 같지 않을 수 있음
20234	충무로			1114	1213	18	13	99	1.4839	1.0717	2.5556	8.1616	-1.0415	-2.3471	0.1312	1	1	충무로역[발달상권]	명칭 기반 대표상권 매칭이며 임대료 통계의 공간 경계와 정확히 같지 않을 수 있음
20241	충무로			1121	1224	36	25	103	2.9412	2.0425	4.9837	8.4150	-0.3144	-0.1510	0.5026	1	1	충무로역[발달상권]	명칭 기반 대표상권 매칭이며 임대료 통계의 공간 경계와 정확히 같지 않을 수 있음
20242	충무로			1137	1244	35	15	107	2.8135	1.2058	4.0193	8.6013	-1.1472	-0.8547	0.5341	1	1	충무로역[발달상권]	명칭 기반 대표상권 매칭이며 임대료 통계의 공간 경계와 정확히 같지 않을 수 있음
20243	충무로	51.9		1141	1247	33	30	106	2.6464	2.4058	5.0521	8.5004	0.3362	-0.5770	0.4706	1	1	충무로역[발달상권]	명칭 기반 대표상권 매칭이며 임대료 통계의 공간 경계와 정확히 같지 않을 수 있음
20244	충무로	52.0		1152	1253	32	26	101	2.5539	2.0750	4.6289	8.0607	1.0033	2.0732	-0.1009	1	1	충무로역[발달상권]	명칭 기반 대표상권 매칭이며 임대료 통계의 공간 경계와 정확히 같지 않을 수 있음
20251	충무로	51.5		1152	1250	23	25	98	1.8400	2.0000	3.8400	7.8400	-0.0425	-1.1437	-0.5750	1	1	충무로역[발달상권]	명칭 기반 대표상권 매칭이며 임대료 통계의 공간 경계와 정확히 같지 않을 수 있음
20252	충무로	51.5		1157	1254	23	19	97	1.8341	1.5152	3.3493	7.7352	0.3094	-0.6700	-0.8660	1	1	충무로역[발달상권]	명칭 기반 대표상권 매칭이며 임대료 통계의 공간 경계와 정확히 같지 않을 수 있음
20253	충무로	51.6	-0.5780	1145	1242	21	32	97	1.6908	2.5765	4.2673	7.8100	0.1707	-0.7848	-0.6904	1	1	충무로역[발달상권]	명칭 기반 대표상권 매칭이며 임대료 통계의 공간 경계와 정확히 같지 않을 수 있음
20254	충무로	51.7	-0.5769	1152	1248	28	21	96	2.2436	1.6827	3.9263	7.6923	-0.3923	-0.7026	-0.3683	1	1	충무로역[발달상권]	명칭 기반 대표상권 매칭이며 임대료 통계의 공간 경계와 정확히 같지 않을 수 있음
20261	충무로	51.7	0.3883													1	0	충무로역[발달상권]	명칭 기반 대표상권 매칭이며 임대료 통계의 공간 경계와 정확히 같지 않을 수 있음
20211	강남대로			6881	7647	206	197	766	2.6939	2.5762	5.2700	10.0170				2	2	강남역[발달상권] | 신논현역[발달상권]	명칭 기반 대표상권 매칭이며 임대료 통계의 공간 경계와 정확히 같지 않을 수 있음
20212	강남대로			6910	7656	213	204	746	2.7821	2.6646	5.4467	9.7440				2	2	강남역[발달상권] | 신논현역[발달상권]	명칭 기반 대표상권 매칭이며 임대료 통계의 공간 경계와 정확히 같지 않을 수 있음
20213	강남대로			6922	7659	211	208	737	2.7549	2.7158	5.4707	9.6227				2	2	강남역[발달상권] | 신논현역[발달상권]	명칭 기반 대표상권 매칭이며 임대료 통계의 공간 경계와 정확히 같지 않을 수 있음
20214	강남대로			6991	7731	288	216	740	3.7253	2.7939	6.5192	9.5719				2	2	강남역[발달상권] | 신논현역[발달상권]	명칭 기반 대표상권 매칭이며 임대료 통계의 공간 경계와 정확히 같지 않을 수 있음
20221	강남대로			7010	7745	223	209	735	2.8793	2.6985	5.5778	9.4900	0.1223	0.3078	-0.5270	2	2	강남역[발달상권] | 신논현역[발달상권]	명칭 기반 대표상권 매칭이며 임대료 통계의 공간 경계와 정확히 같지 않을 수 있음
20222	강남대로			7093	7833	240	152	740	3.0640	1.9405	5.0045	9.4472	-0.7241	-0.4422	-0.2968	2	2	강남역[발달상권] | 신논현역[발달상권]	명칭 기반 대표상권 매칭이며 임대료 통계의 공간 경계와 정확히 같지 않을 수 있음
20223	강남대로			7127	7861	237	209	734	3.0149	2.6587	5.6736	9.3372	-0.0571	0.2029	-0.2854	2	2	강남역[발달상권] | 신논현역[발달상권]	명칭 기반 대표상권 매칭이며 임대료 통계의 공간 경계와 정확히 같지 않을 수 있음
20224	강남대로			7227	7973	267	155	746	3.3488	1.9441	5.2929	9.3566	-0.8499	-1.2263	-0.2153	2	2	강남역[발달상권] | 신논현역[발달상권]	명칭 기반 대표상권 매칭이며 임대료 통계의 공간 경계와 정확히 같지 않을 수 있음
20231	강남대로			7238	7980	227	220	742	2.8446	2.7569	5.6015	9.2982	0.0584	0.0237	-0.1917	2	2	강남역[발달상권] | 신논현역[발달상권]	명칭 기반 대표상권 매칭이며 임대료 통계의 공간 경계와 정확히 같지 않을 수 있음
20232	강남대로			7302	8029	242	193	727	3.0141	2.4038	5.4179	9.0547	0.4633	0.4134	-0.3925	2	2	강남역[발달상권] | 신논현역[발달상권]	명칭 기반 대표상권 매칭이며 임대료 통계의 공간 경계와 정확히 같지 않을 수 있음
20233	강남대로			7362	8089	262	202	727	3.2390	2.4972	5.7362	8.9875	-0.1615	0.0626	-0.3497	2	2	강남역[발달상권] | 신논현역[발달상권]	명칭 기반 대표상권 매칭이며 임대료 통계의 공간 경계와 정확히 같지 않을 수 있음
20234	강남대로			7408	8132	256	213	724	3.1481	2.6193	5.7673	8.9031	0.6752	0.4745	-0.4535	2	2	강남역[발달상권] | 신논현역[발달상권]	명칭 기반 대표상권 매칭이며 임대료 통계의 공간 경계와 정확히 같지 않을 수 있음
20241	강남대로			7364	8090	188	230	726	2.3239	2.8430	5.1669	8.9740	0.0861	-0.4346	-0.3242	2	2	강남역[발달상권] | 신논현역[발달상권]	명칭 기반 대표상권 매칭이며 임대료 통계의 공간 경계와 정확히 같지 않을 수 있음
20242	강남대로			7377	8097	189	182	720	2.3342	2.2477	4.5819	8.8922	-0.1560	-0.8359	-0.1625	2	2	강남역[발달상권] | 신논현역[발달상권]	명칭 기반 대표상권 매칭이며 임대료 통계의 공간 경계와 정확히 같지 않을 수 있음
20243	강남대로	80.3		7360	8070	187	214	710	2.3172	2.6518	4.9690	8.7980	0.1546	-0.7672	-0.1895	2	2	강남역[발달상권] | 신논현역[발달상권]	명칭 기반 대표상권 매칭이며 임대료 통계의 공간 경계와 정확히 같지 않을 수 있음
20244	강남대로	80.3		7363	8066	180	184	703	2.2316	2.2812	4.5128	8.7156	-0.3381	-1.2546	-0.1875	2	2	강남역[발달상권] | 신논현역[발달상권]	명칭 기반 대표상권 매칭이며 임대료 통계의 공간 경계와 정확히 같지 않을 수 있음
20251	강남대로	80.0		7292	7992	122	191	700	1.5265	2.3899	3.9164	8.7588	-0.4531	-1.2505	-0.2153	2	2	강남역[발달상권] | 신논현역[발달상권]	명칭 기반 대표상권 매칭이며 임대료 통계의 공간 경계와 정확히 같지 않을 수 있음
20252	강남대로	80.4		7330	8032	185	142	702	2.3033	1.7679	4.0712	8.7400	-0.4798	-0.5107	-0.1521	2	2	강남역[발달상권] | 신논현역[발달상권]	명칭 기반 대표상권 매칭이며 임대료 통계의 공간 경계와 정확히 같지 않을 수 있음
20253	강남대로	81.6	1.6189	7296	7986	164	199	690	2.0536	2.4919	4.5455	8.6401	-0.1599	-0.4236	-0.1579	2	2	강남역[발달상권] | 신논현역[발달상권]	명칭 기반 대표상권 매칭이며 임대료 통계의 공간 경계와 정확히 같지 않을 수 있음
20254	강남대로	84.3	4.9813	7280	7965	153	166	685	1.9209	2.0841	4.0050	8.6001	-0.1971	-0.5077	-0.1155	2	2	강남역[발달상권] | 신논현역[발달상권]	명칭 기반 대표상권 매칭이며 임대료 통계의 공간 경계와 정확히 같지 않을 수 있음
20261	강남대로	84.7	5.8750													2	0	강남역[발달상권] | 신논현역[발달상권]	명칭 기반 대표상권 매칭이며 임대료 통계의 공간 경계와 정확히 같지 않을 수 있음
20211	교대역			4209	4450	133	91	241	2.9888	2.0449	5.0337	5.4157				1	1	교대역(법원.검찰청)[발달상권]	명칭 기반 대표상권 매칭이며 임대료 통계의 공간 경계와 정확히 같지 않을 수 있음
20212	교대역			4252	4496	125	79	244	2.7802	1.7571	4.5374	5.4270				1	1	교대역(법원.검찰청)[발달상권]	명칭 기반 대표상권 매칭이며 임대료 통계의 공간 경계와 정확히 같지 않을 수 있음
20213	교대역			4296	4544	130	82	248	2.8609	1.8046	4.6655	5.4577				1	1	교대역(법원.검찰청)[발달상권]	명칭 기반 대표상권 매칭이며 임대료 통계의 공간 경계와 정확히 같지 않을 수 있음
20214	교대역			4386	4637	166	73	251	3.5799	1.5743	5.1542	5.4130				1	1	교대역(법원.검찰청)[발달상권]	명칭 기반 대표상권 매칭이며 임대료 통계의 공간 경계와 정확히 같지 않을 수 있음
20221	교대역			4403	4656	129	110	253	2.7706	2.3625	5.1332	5.4338	0.3176	0.0995	0.0181	1	1	교대역(법원.검찰청)[발달상권]	명칭 기반 대표상권 매칭이며 임대료 통계의 공간 경계와 정확히 같지 않을 수 있음
20222	교대역			4439	4690	99	65	251	2.1109	1.3859	3.4968	5.3518	-0.3712	-1.0406	-0.0752	1	1	교대역(법원.검찰청)[발달상권]	명칭 기반 대표상권 매칭이며 임대료 통계의 공간 경계와 정확히 같지 않을 수 있음
20223	교대역			4455	4706	119	103	251	2.5287	2.1887	4.7174	5.3336	0.3841	0.0519	-0.1241	1	1	교대역(법원.검찰청)[발달상권]	명칭 기반 대표상권 매칭이며 임대료 통계의 공간 경계와 정확히 같지 않을 수 있음
20224	교대역			4513	4763	146	89	250	3.0653	1.8686	4.9339	5.2488	0.2943	-0.2203	-0.1642	1	1	교대역(법원.검찰청)[발달상권]	명칭 기반 대표상권 매칭이며 임대료 통계의 공간 경계와 정확히 같지 않을 수 있음
20231	교대역			4537	4792	144	115	255	3.0050	2.3998	5.4048	5.3214	0.0373	0.2717	-0.1125	1	1	교대역(법원.검찰청)[발달상권]	명칭 기반 대표상권 매칭이며 임대료 통계의 공간 경계와 정확히 같지 않을 수 있음
20232	교대역			4578	4831	148	109	253	3.0635	2.2563	5.3198	5.2370	0.8703	1.8230	-0.1148	1	1	교대역(법원.검찰청)[발달상권]	명칭 기반 대표상권 매칭이며 임대료 통계의 공간 경계와 정확히 같지 않을 수 있음
20233	교대역			4577	4825	105	111	248	2.1762	2.3005	4.4767	5.1399	0.1118	-0.2407	-0.1937	1	1	교대역(법원.검찰청)[발달상권]	명칭 기반 대표상권 매칭이며 임대료 통계의 공간 경계와 정확히 같지 않을 수 있음
20234	교대역			4595	4840	110	95	245	2.2727	1.9628	4.2355	5.0620	0.0942	-0.6983	-0.1868	1	1	교대역(법원.검찰청)[발달상권]	명칭 기반 대표상권 매칭이며 임대료 통계의 공간 경계와 정확히 같지 않을 수 있음
20241	교대역			4601	4847	109	102	246	2.2488	2.1044	4.3532	5.0753	-0.2954	-1.0516	-0.2461	1	1	교대역(법원.검찰청)[발달상권]	명칭 기반 대표상권 매칭이며 임대료 통계의 공간 경계와 정확히 같지 않을 수 있음
20242	교대역			4610	4857	96	86	247	1.9765	1.7706	3.7472	5.0854	-0.4856	-1.5726	-0.1516	1	1	교대역(법원.검찰청)[발달상권]	명칭 기반 대표상권 매칭이며 임대료 통계의 공간 경계와 정확히 같지 않을 수 있음
20243	교대역	43.6		4600	4846	84	95	246	1.7334	1.9604	3.6938	5.0764	-0.3401	-0.7829	-0.0635	1	1	교대역(법원.검찰청)[발달상권]	명칭 기반 대표상권 매칭이며 임대료 통계의 공간 경계와 정확히 같지 않을 수 있음
20244	교대역	43.8		4596	4842	66	71	246	1.3631	1.4663	2.8294	5.0805	-0.4965	-1.4061	0.0186	1	1	교대역(법원.검찰청)[발달상권]	명칭 기반 대표상권 매칭이며 임대료 통계의 공간 경계와 정확히 같지 않을 수 있음
20251	교대역	44.0		4568	4813	89	115	245	1.8492	2.3894	4.2385	5.0904	0.2850	-0.1147	0.0151	1	1	교대역(법원.검찰청)[발달상권]	명칭 기반 대표상권 매칭이며 임대료 통계의 공간 경계와 정확히 같지 않을 수 있음
20252	교대역	44.6		4560	4809	84	85	249	1.7467	1.7675	3.5142	5.1778	-0.0031	-0.2329	0.0923	1	1	교대역(법원.검찰청)[발달상권]	명칭 기반 대표상권 매칭이며 임대료 통계의 공간 경계와 정확히 같지 않을 수 있음
20253	교대역	45.1	3.4404	4547	4792	75	92	245	1.5651	1.9199	3.4850	5.1127	-0.0405	-0.2088	0.0363	1	1	교대역(법원.검찰청)[발달상권]	명칭 기반 대표상권 매칭이며 임대료 통계의 공간 경계와 정확히 같지 않을 수 있음
20254	교대역	45.3	3.4247	4563	4797	63	55	234	1.3133	1.1465	2.4599	4.8780	-0.3198	-0.3695	-0.2025	1	1	교대역(법원.검찰청)[발달상권]	명칭 기반 대표상권 매칭이며 임대료 통계의 공간 경계와 정확히 같지 않을 수 있음
20261	교대역	46.1	4.7727													1	0	교대역(법원.검찰청)[발달상권]	명칭 기반 대표상권 매칭이며 임대료 통계의 공간 경계와 정확히 같지 않을 수 있음
20211	남부터미널			1339	1439	39	29	100	2.7102	2.0153	4.7255	6.9493				1	1	남부터미널역[발달상권]	명칭 기반 대표상권 매칭이며 임대료 통계의 공간 경계와 정확히 같지 않을 수 있음
20212	남부터미널			1336	1436	33	36	100	2.2981	2.5070	4.8050	6.9638				1	1	남부터미널역[발달상권]	명칭 기반 대표상권 매칭이며 임대료 통계의 공간 경계와 정확히 같지 않을 수 있음
20213	남부터미널			1334	1435	29	30	101	2.0209	2.0906	4.1115	7.0383				1	1	남부터미널역[발달상권]	명칭 기반 대표상권 매칭이며 임대료 통계의 공간 경계와 정확히 같지 않을 수 있음
20214	남부터미널			1350	1451	38	22	101	2.6189	1.5162	4.1351	6.9607				1	1	남부터미널역[발달상권]	명칭 기반 대표상권 매칭이며 임대료 통계의 공간 경계와 정확히 같지 않을 수 있음
20221	남부터미널			1353	1454	26	23	101	1.7882	1.5818	3.3700	6.9464	-0.4334	-1.3555	-0.0029	1	1	남부터미널역[발달상권]	명칭 기반 대표상권 매칭이며 임대료 통계의 공간 경계와 정확히 같지 않을 수 있음
20222	남부터미널			1356	1458	20	16	102	1.3717	1.0974	2.4691	6.9959	-1.4096	-2.3359	0.0321	1	1	남부터미널역[발달상권]	명칭 기반 대표상권 매칭이며 임대료 통계의 공간 경계와 정확히 같지 않을 수 있음
20223	남부터미널			1370	1469	29	18	99	1.9741	1.2253	3.1995	6.7393	-0.8653	-0.9120	-0.2990	1	1	남부터미널역[발달상권]	명칭 기반 대표상권 매칭이며 임대료 통계의 공간 경계와 정확히 같지 않을 수 있음
20224	남부터미널			1375	1478	35	26	103	2.3681	1.7591	4.1272	6.9689	0.2429	-0.0079	0.0082	1	1	남부터미널역[발달상권]	명칭 기반 대표상권 매칭이며 임대료 통계의 공간 경계와 정확히 같지 않을 수 있음
20231	남부터미널			1380	1482	27	23	102	1.8219	1.5520	3.3738	6.8826	-0.0299	0.0038	-0.0638	1	1	남부터미널역[발달상권]	명칭 기반 대표상권 매칭이며 임대료 통계의 공간 경계와 정확히 같지 않을 수 있음
20232	남부터미널			1384	1484	23	21	100	1.5499	1.4151	2.9650	6.7385	0.3177	0.4958	-0.2573	1	1	남부터미널역[발달상권]	명칭 기반 대표상권 매칭이며 임대료 통계의 공간 경계와 정확히 같지 않을 수 있음
20233	남부터미널			1385	1486	31	29	101	2.0861	1.9515	4.0377	6.7968	0.7262	0.8382	0.0575	1	1	남부터미널역[발달상권]	명칭 기반 대표상권 매칭이며 임대료 통계의 공간 경계와 정확히 같지 않을 수 있음
20234	남부터미널			1384	1485	29	30	101	1.9529	2.0202	3.9731	6.8013	0.2611	-0.1541	-0.1675	1	1	남부터미널역[발달상권]	명칭 기반 대표상권 매칭이며 임대료 통계의 공간 경계와 정확히 같지 않을 수 있음
20241	남부터미널			1375	1473	21	33	98	1.4257	2.2403	3.6660	6.6531	0.6884	0.2922	-0.2295	1	1	남부터미널역[발달상권]	명칭 기반 대표상권 매칭이며 임대료 통계의 공간 경계와 정확히 같지 않을 수 있음
20242	남부터미널			1364	1464	24	33	100	1.6393	2.2541	3.8934	6.8306	0.8390	0.9285	0.0921	1	1	남부터미널역[발달상권]	명칭 기반 대표상권 매칭이며 임대료 통계의 공간 경계와 정확히 같지 않을 수 있음
20243	남부터미널	41.9		1357	1455	33	42	98	2.2680	2.8866	5.1546	6.7354	0.9351	1.1170	-0.0614	1	1	남부터미널역[발달상권]	명칭 기반 대표상권 매칭이며 임대료 통계의 공간 경계와 정확히 같지 않을 수 있음
20244	남부터미널	42.0		1354	1455	23	23	101	1.5808	1.5808	3.1615	6.9416	-0.4394	-0.8116	0.1402	1	1	남부터미널역[발달상권]	명칭 기반 대표상권 매칭이며 임대료 통계의 공간 경계와 정확히 같지 않을 수 있음
20251	남부터미널	42.2		1337	1436	16	34	99	1.1142	2.3677	3.4819	6.8942	0.1274	-0.1841	0.2411	1	1	남부터미널역[발달상권]	명칭 기반 대표상권 매칭이며 임대료 통계의 공간 경계와 정확히 같지 않을 수 있음
20252	남부터미널	42.2		1334	1434	19	19	100	1.3250	1.3250	2.6499	6.9735	-0.9291	-1.2435	0.1429	1	1	남부터미널역[발달상권]	명칭 기반 대표상권 매칭이며 임대료 통계의 공간 경계와 정확히 같지 않을 수 있음
20253	남부터미널	42.4	1.1933	1336	1439	23	17	103	1.5983	1.1814	2.7797	7.1577	-1.7052	-2.3749	0.4224	1	1	남부터미널역[발달상권]	명칭 기반 대표상권 매칭이며 임대료 통계의 공간 경계와 정확히 같지 않을 수 있음
20254	남부터미널	43.0	2.3810	1340	1444	23	16	104	1.5928	1.1080	2.7008	7.2022	-0.4727	-0.4607	0.2606	1	1	남부터미널역[발달상권]	명칭 기반 대표상권 매칭이며 임대료 통계의 공간 경계와 정확히 같지 않을 수 있음
20261	남부터미널	43.9	4.0284													1	0	남부터미널역[발달상권]	명칭 기반 대표상권 매칭이며 임대료 통계의 공간 경계와 정확히 같지 않을 수 있음
20211	논현역			1809	1951	60	50	142	3.0753	2.5628	5.6381	7.2783				3	3	논현역[발달상권] | 논현역 4번[발달상권] | 논현역 5번[발달상권]	명칭 기반 대표상권 매칭이며 임대료 통계의 공간 경계와 정확히 같지 않을 수 있음
20212	논현역			1815	1961	73	63	146	3.7226	3.2126	6.9352	7.4452				3	3	논현역[발달상권] | 논현역 4번[발달상권] | 논현역 5번[발달상권]	명칭 기반 대표상권 매칭이며 임대료 통계의 공간 경계와 정확히 같지 않을 수 있음
20213	논현역			1802	1944	46	63	142	2.3663	3.2407	5.6070	7.3045				3	3	논현역[발달상권] | 논현역 4번[발달상권] | 논현역 5번[발달상권]	명칭 기반 대표상권 매칭이며 임대료 통계의 공간 경계와 정확히 같지 않을 수 있음
20214	논현역			1831	1978	92	58	147	4.6512	2.9323	7.5834	7.4317				3	3	논현역[발달상권] | 논현역 4번[발달상권] | 논현역 5번[발달상권]	명칭 기반 대표상권 매칭이며 임대료 통계의 공간 경계와 정확히 같지 않을 수 있음
20221	논현역			1848	1992	48	34	144	2.4096	1.7068	4.1165	7.2289	-0.8560	-1.5217	-0.0494	3	3	논현역[발달상권] | 논현역 4번[발달상권] | 논현역 5번[발달상권]	명칭 기반 대표상권 매칭이며 임대료 통계의 공간 경계와 정확히 같지 않을 수 있음
20222	논현역			1855	2001	50	41	146	2.4988	2.0490	4.5477	7.2964	-1.1637	-2.3875	-0.1488	3	3	논현역[발달상권] | 논현역 4번[발달상권] | 논현역 5번[발달상권]	명칭 기반 대표상권 매칭이며 임대료 통계의 공간 경계와 정확히 같지 않을 수 있음
20223	논현역			1853	1994	64	71	141	3.2096	3.5607	6.7703	7.0712	0.3199	1.1633	-0.2333	3	3	논현역[발달상권] | 논현역 4번[발달상권] | 논현역 5번[발달상권]	명칭 기반 대표상권 매칭이며 임대료 통계의 공간 경계와 정확히 같지 않을 수 있음
20224	논현역			1873	2017	76	53	144	3.7680	2.6277	6.3956	7.1393	-0.3046	-1.1878	-0.2924	3	3	논현역[발달상권] | 논현역 4번[발달상권] | 논현역 5번[발달상권]	명칭 기반 대표상권 매칭이며 임대료 통계의 공간 경계와 정확히 같지 않을 수 있음
20231	논현역			1855	1996	39	60	141	1.9539	3.0060	4.9599	7.0641	1.2992	0.8435	-0.1648	3	3	논현역[발달상권] | 논현역 4번[발달상권] | 논현역 5번[발달상권]	명칭 기반 대표상권 매칭이며 임대료 통계의 공간 경계와 정확히 같지 않을 수 있음
20232	논현역			1865	2010	63	49	145	3.1343	2.4378	5.5721	7.2139	0.3888	1.0244	-0.0824	3	3	논현역[발달상권] | 논현역 4번[발달상권] | 논현역 5번[발달상권]	명칭 기반 대표상권 매칭이며 임대료 통계의 공간 경계와 정확히 같지 않을 수 있음
20233	논현역			1859	2005	56	61	146	2.7930	3.0424	5.8354	7.2818	-0.5183	-0.9349	0.2106	3	3	논현역[발달상권] | 논현역 4번[발달상권] | 논현역 5번[발달상권]	명칭 기반 대표상권 매칭이며 임대료 통계의 공간 경계와 정확히 같지 않을 수 있음
20234	논현역			1875	2025	69	49	150	3.4074	2.4198	5.8272	7.4074	-0.2079	-0.5685	0.2681	3	3	논현역[발달상권] | 논현역 4번[발달상권] | 논현역 5번[발달상권]	명칭 기반 대표상권 매칭이며 임대료 통계의 공간 경계와 정확히 같지 않을 수 있음
20241	논현역			1863	2012	54	67	149	2.6839	3.3300	6.0139	7.4056	0.3240	1.0540	0.3414	3	3	논현역[발달상권] | 논현역 4번[발달상권] | 논현역 5번[발달상권]	명칭 기반 대표상권 매칭이며 임대료 통계의 공간 경계와 정확히 같지 않을 수 있음
20242	논현역			1863	2011	61	62	148	3.0333	3.0830	6.1164	7.3595	0.6452	0.5442	0.1456	3	3	논현역[발달상권] | 논현역 4번[발달상권] | 논현역 5번[발달상권]	명칭 기반 대표상권 매칭이며 임대료 통계의 공간 경계와 정확히 같지 않을 수 있음
20243	논현역	67.8		1858	2005	44	50	147	2.1945	2.4938	4.6883	7.3317	-0.5486	-1.1471	0.0499	3	3	논현역[발달상권] | 논현역 4번[발달상권] | 논현역 5번[발달상권]	명칭 기반 대표상권 매칭이며 임대료 통계의 공간 경계와 정확히 같지 않을 수 있음
20244	논현역	68.2		1852	1994	35	45	142	1.7553	2.2568	4.0120	7.1214	-0.1630	-1.8151	-0.2860	3	3	논현역[발달상권] | 논현역 4번[발달상권] | 논현역 5번[발달상권]	명칭 기반 대표상권 매칭이며 임대료 통계의 공간 경계와 정확히 같지 않을 수 있음
20251	논현역	68.5		1839	1977	39	55	138	1.9727	2.7820	4.7547	6.9803	-0.5480	-1.2592	-0.4253	3	3	논현역[발달상권] | 논현역 4번[발달상권] | 논현역 5번[발달상권]	명칭 기반 대표상권 매칭이며 임대료 통계의 공간 경계와 정확히 같지 않을 수 있음
20252	논현역	68.8		1843	1981	52	46	138	2.6249	2.3221	4.9470	6.9662	-0.7610	-1.1694	-0.3933	3	3	논현역[발달상권] | 논현역 4번[발달상권] | 논현역 5번[발달상권]	명칭 기반 대표상권 매칭이며 임대료 통계의 공간 경계와 정확히 같지 않을 수 있음
20253	논현역	69.0	1.7699	1832	1965	47	59	133	2.3919	3.0025	5.3944	6.7684	0.5088	0.7061	-0.5632	3	3	논현역[발달상권] | 논현역 4번[발달상권] | 논현역 5번[발달상권]	명칭 기반 대표상권 매칭이며 임대료 통계의 공간 경계와 정확히 같지 않을 수 있음
20254	논현역	70.0	2.6393	1830	1960	37	42	130	1.8878	2.1429	4.0306	6.6327	-0.1139	0.0186	-0.4887	3	3	논현역[발달상권] | 논현역 4번[발달상권] | 논현역 5번[발달상권]	명칭 기반 대표상권 매칭이며 임대료 통계의 공간 경계와 정확히 같지 않을 수 있음
20261	논현역	70.1	2.3358													3	0	논현역[발달상권] | 논현역 4번[발달상권] | 논현역 5번[발달상권]	명칭 기반 대표상권 매칭이며 임대료 통계의 공간 경계와 정확히 같지 않을 수 있음
20211	도산대로			569	603	13	24	34	2.1559	3.9801	6.1360	5.6385				2	2	도산공원교차로[발달상권] | 도산공원북측[골목상권]	명칭 기반 대표상권 매칭이며 임대료 통계의 공간 경계와 정확히 같지 않을 수 있음
20212	도산대로			570	606	16	13	36	2.6403	2.1452	4.7855	5.9406				2	2	도산공원교차로[발달상권] | 도산공원북측[골목상권]	명칭 기반 대표상권 매칭이며 임대료 통계의 공간 경계와 정확히 같지 않을 수 있음
20213	도산대로			572	606	17	17	34	2.8053	2.8053	5.6106	5.6106				2	2	도산공원교차로[발달상권] | 도산공원북측[골목상권]	명칭 기반 대표상권 매칭이며 임대료 통계의 공간 경계와 정확히 같지 않을 수 있음
20214	도산대로			583	618	24	12	35	3.8835	1.9417	5.8252	5.6634				2	2	도산공원교차로[발달상권] | 도산공원북측[골목상권]	명칭 기반 대표상권 매칭이며 임대료 통계의 공간 경계와 정확히 같지 않을 수 있음
20221	도산대로			589	622	16	12	33	2.5723	1.9293	4.5016	5.3055	-2.0508	-1.6344	-0.3330	2	2	도산공원교차로[발달상권] | 도산공원북측[골목상권]	명칭 기반 대표상권 매칭이며 임대료 통계의 공간 경계와 정확히 같지 않을 수 있음
20222	도산대로			601	637	24	9	36	3.7677	1.4129	5.1805	5.6515	-0.7323	0.3951	-0.2891	2	2	도산공원교차로[발달상권] | 도산공원북측[골목상권]	명칭 기반 대표상권 매칭이며 임대료 통계의 공간 경계와 정확히 같지 않을 수 있음
20223	도산대로			591	626	13	24	35	2.0767	3.8339	5.9105	5.5911	1.0286	0.3000	-0.0195	2	2	도산공원교차로[발달상권] | 도산공원북측[골목상권]	명칭 기반 대표상권 매칭이며 임대료 통계의 공간 경계와 정확히 같지 않을 수 있음
20224	도산대로			610	647	33	12	37	5.1005	1.8547	6.9552	5.7187	-0.0870	1.1299	0.0553	2	2	도산공원교차로[발달상권] | 도산공원북측[골목상권]	명칭 기반 대표상권 매칭이며 임대료 통계의 공간 경계와 정확히 같지 않을 수 있음
20231	도산대로			612	649	19	17	37	2.9276	2.6194	5.5470	5.7011	0.6902	1.0454	0.3956	2	2	도산공원교차로[발달상권] | 도산공원북측[골목상권]	명칭 기반 대표상권 매칭이며 임대료 통계의 공간 경계와 정확히 같지 않을 수 있음
20232	도산대로			616	653	16	12	37	2.4502	1.8377	4.2879	5.6662	0.4248	-0.8926	0.0147	2	2	도산공원교차로[발달상권] | 도산공원북측[골목상권]	명칭 기반 대표상권 매칭이며 임대료 통계의 공간 경계와 정확히 같지 않을 수 있음
20233	도산대로			608	646	12	19	38	1.8576	2.9412	4.7988	5.8824	-0.8927	-1.1118	0.2913	2	2	도산공원교차로[발달상권] | 도산공원북측[골목상권]	명칭 기반 대표상권 매칭이며 임대료 통계의 공간 경계와 정확히 같지 않을 수 있음
20234	도산대로			615	652	18	12	37	2.7607	1.8405	4.6012	5.6748	-0.0142	-2.3540	-0.0439	2	2	도산공원교차로[발달상권] | 도산공원북측[골목상권]	명칭 기반 대표상권 매칭이며 임대료 통계의 공간 경계와 정확히 같지 않을 수 있음
20241	도산대로			621	657	19	14	36	2.8919	2.1309	5.0228	5.4795	-0.4885	-0.5242	-0.2216	2	2	도산공원교차로[발달상권] | 도산공원북측[골목상권]	명칭 기반 대표상권 매칭이며 임대료 통계의 공간 경계와 정확히 같지 않을 수 있음
20242	도산대로			616	650	10	17	34	1.5385	2.6154	4.1538	5.2308	0.7777	-0.1341	-0.4354	2	2	도산공원교차로[발달상권] | 도산공원북측[골목상권]	명칭 기반 대표상권 매칭이며 임대료 통계의 공간 경계와 정확히 같지 않을 수 있음
20243	도산대로	54.5		617	651	14	13	34	2.1505	1.9969	4.1475	5.2227	-0.9442	-0.6513	-0.6596	2	2	도산공원교차로[발달상권] | 도산공원북측[골목상권]	명칭 기반 대표상권 매칭이며 임대료 통계의 공간 경계와 정확히 같지 않을 수 있음
20244	도산대로	54.7		614	648	12	15	34	1.8519	2.3148	4.1667	5.2469	0.4743	-0.4346	-0.4279	2	2	도산공원교차로[발달상권] | 도산공원북측[골목상권]	명칭 기반 대표상권 매칭이며 임대료 통계의 공간 경계와 정확히 같지 않을 수 있음
20251	도산대로	54.7		606	640	14	23	34	2.1875	3.5937	5.7812	5.3125	1.4629	0.7584	-0.1670	2	2	도산공원교차로[발달상권] | 도산공원북측[골목상권]	명칭 기반 대표상권 매칭이며 임대료 통계의 공간 경계와 정확히 같지 않을 수 있음
20252	도산대로	54.8		604	639	10	10	35	1.5649	1.5649	3.1299	5.4773	-1.0504	-1.0240	0.2465	2	2	도산공원교차로[발달상권] | 도산공원북측[골목상권]	명칭 기반 대표상권 매칭이며 임대료 통계의 공간 경계와 정확히 같지 않을 수 있음
20253	도산대로	55.8	2.3853	601	636	17	20	35	2.6730	3.1447	5.8176	5.5031	1.1477	1.6701	0.2804	2	2	도산공원교차로[발달상권] | 도산공원북측[골목상권]	명칭 기반 대표상권 매칭이며 임대료 통계의 공간 경계와 정확히 같지 않을 수 있음
20254	도산대로	56.0	2.3766	601	637	10	9	36	1.5699	1.4129	2.9827	5.6515	-0.9019	-1.1839	0.4046	2	2	도산공원교차로[발달상권] | 도산공원북측[골목상권]	명칭 기반 대표상권 매칭이며 임대료 통계의 공간 경계와 정확히 같지 않을 수 있음
20261	도산대로	55.8	2.0110													2	0	도산공원교차로[발달상권] | 도산공원북측[골목상권]	명칭 기반 대표상권 매칭이며 임대료 통계의 공간 경계와 정확히 같지 않을 수 있음
20211	신사역			3069	3303	90	97	234	2.7248	2.9367	5.6615	7.0845				2	2	신사역[발달상권] | 가로수길[발달상권]	명칭 기반 대표상권 매칭이며 임대료 통계의 공간 경계와 정확히 같지 않을 수 있음
20212	신사역			3107	3338	121	86	231	3.6249	2.5764	6.2013	6.9203				2	2	신사역[발달상권] | 가로수길[발달상권]	명칭 기반 대표상권 매칭이며 임대료 통계의 공간 경계와 정확히 같지 않을 수 있음
20213	신사역			3126	3359	111	90	233	3.3046	2.6794	5.9839	6.9366				2	2	신사역[발달상권] | 가로수길[발달상권]	명칭 기반 대표상권 매칭이며 임대료 통계의 공간 경계와 정확히 같지 않을 수 있음
20214	신사역			3202	3432	146	73	230	4.2541	2.1270	6.3811	6.7016				2	2	신사역[발달상권] | 가로수길[발달상권]	명칭 기반 대표상권 매칭이며 임대료 통계의 공간 경계와 정확히 같지 않을 수 있음
20221	신사역			3228	3458	96	70	230	2.7762	2.0243	4.8005	6.6512	-0.9124	-0.8611	-0.4332	2	2	신사역[발달상권] | 가로수길[발달상권]	명칭 기반 대표상권 매칭이며 임대료 통계의 공간 경계와 정확히 같지 않을 수 있음
20222	신사역			3250	3480	98	76	230	2.8161	2.1839	5.0000	6.6092	-0.3925	-1.2013	-0.3111	2	2	신사역[발달상권] | 가로수길[발달상권]	명칭 기반 대표상권 매칭이며 임대료 통계의 공간 경계와 정확히 같지 않을 수 있음
20223	신사역			3272	3503	111	88	231	3.1687	2.5121	5.6808	6.5943	-0.1672	-0.3031	-0.3422	2	2	신사역[발달상권] | 가로수길[발달상권]	명칭 기반 대표상권 매칭이며 임대료 통계의 공간 경계와 정확히 같지 않을 수 있음
20224	신사역			3327	3560	148	91	233	4.1573	2.5562	6.7135	6.5449	0.4291	0.3324	-0.1567	2	2	신사역[발달상권] | 가로수길[발달상권]	명칭 기반 대표상권 매칭이며 임대료 통계의 공간 경계와 정확히 같지 않을 수 있음
20231	신사역			3367	3602	147	105	235	4.0811	2.9150	6.9961	6.5242	0.8908	2.1957	-0.1271	2	2	신사역[발달상권] | 가로수길[발달상권]	명칭 기반 대표상권 매칭이며 임대료 통계의 공간 경계와 정확히 같지 않을 수 있음
20232	신사역			3433	3667	154	89	234	4.1996	2.4271	6.6267	6.3812	0.2431	1.6267	-0.2280	2	2	신사역[발달상권] | 가로수길[발달상권]	명칭 기반 대표상권 매칭이며 임대료 통계의 공간 경계와 정확히 같지 않을 수 있음
20233	신사역			3459	3691	112	88	232	3.0344	2.3842	5.4186	6.2856	-0.1280	-0.2623	-0.3088	2	2	신사역[발달상권] | 가로수길[발달상권]	명칭 기반 대표상권 매칭이며 임대료 통계의 공간 경계와 정확히 같지 않을 수 있음
20234	신사역			3486	3724	132	99	238	3.5446	2.6584	6.2030	6.3910	0.1023	-0.5105	-0.1540	2	2	신사역[발달상권] | 가로수길[발달상권]	명칭 기반 대표상권 매칭이며 임대료 통계의 공간 경계와 정확히 같지 않을 수 있음
20241	신사역			3462	3695	72	101	233	1.9486	2.7334	4.6820	6.3058	-0.1816	-2.3141	-0.2183	2	2	신사역[발달상권] | 가로수길[발달상권]	명칭 기반 대표상권 매칭이며 임대료 통계의 공간 경계와 정확히 같지 않을 수 있음
20242	신사역			3463	3696	94	93	233	2.5433	2.5162	5.0595	6.3041	0.0892	-1.5671	-0.0771	2	2	신사역[발달상권] | 가로수길[발달상권]	명칭 기반 대표상권 매칭이며 임대료 통계의 공간 경계와 정확히 같지 않을 수 있음
20243	신사역	70.2		3439	3675	99	120	236	2.6939	3.2653	5.9592	6.4218	0.8811	0.5406	0.1362	2	2	신사역[발달상권] | 가로수길[발달상권]	명칭 기반 대표상권 매칭이며 임대료 통계의 공간 경계와 정확히 같지 않을 수 있음
20244	신사역	70.4		3422	3651	73	95	229	1.9995	2.6020	4.6015	6.2723	-0.0564	-1.6015	-0.1187	2	2	신사역[발달상권] | 가로수길[발달상권]	명칭 기반 대표상권 매칭이며 임대료 통계의 공간 경계와 정확히 같지 않을 수 있음
20251	신사역	70.8		3380	3609	77	119	229	2.1336	3.2973	5.4309	6.3452	0.5639	0.7489	0.0394	2	2	신사역[발달상권] | 가로수길[발달상권]	명칭 기반 대표상권 매칭이며 임대료 통계의 공간 경계와 정확히 같지 않을 수 있음
20252	신사역	70.7		3375	3604	77	81	229	2.1365	2.2475	4.3840	6.3541	-0.2687	-0.6755	0.0499	2	2	신사역[발달상권] | 가로수길[발달상권]	명칭 기반 대표상권 매칭이며 임대료 통계의 공간 경계와 정확히 같지 않을 수 있음
20253	신사역	70.8	0.8547	3358	3589	81	102	231	2.2569	2.8420	5.0989	6.4363	-0.4233	-0.8603	0.0146	2	2	신사역[발달상권] | 가로수길[발달상권]	명칭 기반 대표상권 매칭이며 임대료 통계의 공간 경계와 정확히 같지 않을 수 있음
20254	신사역	73.7	4.6875	3352	3580	62	74	228	1.7318	2.0670	3.7989	6.3687	-0.5350	-0.8026	0.0965	2	2	신사역[발달상권] | 가로수길[발달상권]	명칭 기반 대표상권 매칭이며 임대료 통계의 공간 경계와 정확히 같지 않을 수 있음
20261	신사역	74.1	4.6610													2	0	신사역[발달상권] | 가로수길[발달상권]	명칭 기반 대표상권 매칭이며 임대료 통계의 공간 경계와 정확히 같지 않을 수 있음
20211	압구정			3123	3353	87	63	230	2.5947	1.8789	4.4736	6.8595				2	2	압구정역[발달상권] | 압구정로데오역(압구정로데오)[발달상권]	명칭 기반 대표상권 매칭이며 임대료 통계의 공간 경계와 정확히 같지 않을 수 있음
20212	압구정			3152	3382	103	74	230	3.0455	2.1881	5.2336	6.8007				2	2	압구정역[발달상권] | 압구정로데오역(압구정로데오)[발달상권]	명칭 기반 대표상권 매칭이며 임대료 통계의 공간 경계와 정확히 같지 않을 수 있음
20213	압구정			3155	3385	98	95	230	2.8951	2.8065	5.7016	6.7947				2	2	압구정역[발달상권] | 압구정로데오역(압구정로데오)[발달상권]	명칭 기반 대표상권 매칭이며 임대료 통계의 공간 경계와 정확히 같지 않을 수 있음
20214	압구정			3225	3451	135	69	226	3.9119	1.9994	5.9113	6.5488				2	2	압구정역[발달상권] | 압구정로데오역(압구정로데오)[발달상권]	명칭 기반 대표상권 매칭이며 임대료 통계의 공간 경계와 정확히 같지 않을 수 있음
20221	압구정			3257	3487	100	64	230	2.8678	1.8354	4.7032	6.5959	-0.0435	0.2296	-0.2636	2	2	압구정역[발달상권] | 압구정로데오역(압구정로데오)[발달상권]	명칭 기반 대표상권 매칭이며 임대료 통계의 공간 경계와 정확히 같지 않을 수 있음
20222	압구정			3297	3527	99	59	230	2.8069	1.6728	4.4797	6.5211	-0.5152	-0.7539	-0.2796	2	2	압구정역[발달상권] | 압구정로데오역(압구정로데오)[발달상권]	명칭 기반 대표상권 매칭이며 임대료 통계의 공간 경계와 정확히 같지 않을 수 있음
20223	압구정			3301	3534	102	95	233	2.8862	2.6882	5.5744	6.5931	-0.1183	-0.1272	-0.2016	2	2	압구정역[발달상권] | 압구정로데오역(압구정로데오)[발달상권]	명칭 기반 대표상권 매칭이며 임대료 통계의 공간 경계와 정확히 같지 않을 수 있음
20224	압구정			3329	3559	116	91	230	3.2593	2.5569	5.8162	6.4625	0.5575	-0.0951	-0.0863	2	2	압구정역[발달상권] | 압구정로데오역(압구정로데오)[발달상권]	명칭 기반 대표상권 매칭이며 임대료 통계의 공간 경계와 정확히 같지 않을 수 있음
20231	압구정			3371	3598	140	101	227	3.8911	2.8071	6.6982	6.3091	0.9717	1.9950	-0.2869	2	2	압구정역[발달상권] | 압구정로데오역(압구정로데오)[발달상권]	명칭 기반 대표상권 매칭이며 임대료 통계의 공간 경계와 정확히 같지 않을 수 있음
20232	압구정			3405	3635	136	99	230	3.7414	2.7235	6.4649	6.3274	1.0507	1.9852	-0.1938	2	2	압구정역[발달상권] | 압구정로데오역(압구정로데오)[발달상권]	명칭 기반 대표상권 매칭이며 임대료 통계의 공간 경계와 정확히 같지 않을 수 있음
20233	압구정			3410	3639	110	106	229	3.0228	2.9129	5.9357	6.2929	0.2247	0.3613	-0.3002	2	2	압구정역[발달상권] | 압구정로데오역(압구정로데오)[발달상권]	명칭 기반 대표상권 매칭이며 임대료 통계의 공간 경계와 정확히 같지 않을 수 있음
20234	압구정			3400	3624	86	101	224	2.3731	2.7870	5.1600	6.1810	0.2301	-0.6562	-0.2815	2	2	압구정역[발달상권] | 압구정로데오역(압구정로데오)[발달상권]	명칭 기반 대표상권 매칭이며 임대료 통계의 공간 경계와 정확히 같지 않을 수 있음
20241	압구정			3369	3590	70	104	221	1.9499	2.8969	4.8468	6.1560	0.0898	-1.8514	-0.1531	2	2	압구정역[발달상권] | 압구정로데오역(압구정로데오)[발달상권]	명칭 기반 대표상권 매칭이며 임대료 통계의 공간 경계와 정확히 같지 않을 수 있음
20242	압구정			3362	3581	89	98	219	2.4853	2.7367	5.2220	6.1156	0.0131	-1.2429	-0.2118	2	2	압구정역[발달상권] | 압구정로데오역(압구정로데오)[발달상권]	명칭 기반 대표상권 매칭이며 임대료 통계의 공간 경계와 정확히 같지 않을 수 있음
20243	압구정	55.9		3352	3569	92	104	217	2.5778	2.9140	5.4917	6.0801	0.0011	-0.4440	-0.2128	2	2	압구정역[발달상권] | 압구정로데오역(압구정로데오)[발달상권]	명칭 기반 대표상권 매칭이며 임대료 통계의 공간 경계와 정확히 같지 않을 수 있음
20244	압구정	57.3		3364	3578	90	82	214	2.5154	2.2918	4.8072	5.9810	-0.4952	-0.3529	-0.2000	2	2	압구정역[발달상권] | 압구정로데오역(압구정로데오)[발달상권]	명칭 기반 대표상권 매칭이며 임대료 통계의 공간 경계와 정확히 같지 않을 수 있음
20251	압구정	58.4		3339	3548	64	94	209	1.8038	2.6494	4.4532	5.8906	-0.2476	-0.3936	-0.2653	2	2	압구정역[발달상권] | 압구정로데오역(압구정로데오)[발달상권]	명칭 기반 대표상권 매칭이며 임대료 통계의 공간 경계와 정확히 같지 않을 수 있음
20252	압구정	59.0		3314	3524	76	97	210	2.1566	2.7526	4.9092	5.9591	0.0159	-0.3128	-0.1565	2	2	압구정역[발달상권] | 압구정로데오역(압구정로데오)[발달상권]	명칭 기반 대표상권 매칭이며 임대료 통계의 공간 경계와 정확히 같지 않을 수 있음
20253	압구정	59.9	7.1556	3308	3518	75	79	210	2.1319	2.2456	4.3775	5.9693	-0.6684	-1.1142	-0.1108	2	2	압구정역[발달상권] | 압구정로데오역(압구정로데오)[발달상권]	명칭 기반 대표상권 매칭이며 임대료 통계의 공간 경계와 정확히 같지 않을 수 있음
20254	압구정	60.6	5.7592	3302	3509	59	65	207	1.6814	1.8524	3.5338	5.8991	-0.4394	-1.2734	-0.0819	2	2	압구정역[발달상권] | 압구정로데오역(압구정로데오)[발달상권]	명칭 기반 대표상권 매칭이며 임대료 통계의 공간 경계와 정확히 같지 않을 수 있음
20261	압구정	61.3	4.9658													2	0	압구정역[발달상권] | 압구정로데오역(압구정로데오)[발달상권]	명칭 기반 대표상권 매칭이며 임대료 통계의 공간 경계와 정확히 같지 않을 수 있음
20211	청담			1877	1979	49	44	102	2.4760	2.2233	4.6993	5.1541				2	2	청담사거리(청담동명품거리)[발달상권] | 강남구청(청담역_8번, 강남세무서)[발달상권]	명칭 기반 대표상권 매칭이며 임대료 통계의 공간 경계와 정확히 같지 않을 수 있음
20212	청담			1898	2000	63	42	102	3.1500	2.1000	5.2500	5.1000				2	2	청담사거리(청담동명품거리)[발달상권] | 강남구청(청담역_8번, 강남세무서)[발달상권]	명칭 기반 대표상권 매칭이며 임대료 통계의 공간 경계와 정확히 같지 않을 수 있음
20213	청담			1914	2019	67	48	105	3.3185	2.3774	5.6959	5.2006				2	2	청담사거리(청담동명품거리)[발달상권] | 강남구청(청담역_8번, 강남세무서)[발달상권]	명칭 기반 대표상권 매칭이며 임대료 통계의 공간 경계와 정확히 같지 않을 수 있음
20214	청담			1948	2054	81	46	106	3.9435	2.2395	6.1831	5.1607				2	2	청담사거리(청담동명품거리)[발달상권] | 강남구청(청담역_8번, 강남세무서)[발달상권]	명칭 기반 대표상권 매칭이며 임대료 통계의 공간 경계와 정확히 같지 않을 수 있음
20221	청담			1955	2060	43	37	105	2.0874	1.7961	3.8835	5.0971	-0.4272	-0.8158	-0.0570	2	2	청담사거리(청담동명품거리)[발달상권] | 강남구청(청담역_8번, 강남세무서)[발달상권]	명칭 기반 대표상권 매칭이며 임대료 통계의 공간 경계와 정확히 같지 않을 수 있음
20222	청담			1977	2083	53	30	106	2.5444	1.4402	3.9846	5.0888	-0.6598	-1.2654	-0.0112	2	2	청담사거리(청담동명품거리)[발달상권] | 강남구청(청담역_8번, 강남세무서)[발달상권]	명칭 기반 대표상권 매칭이며 임대료 통계의 공간 경계와 정확히 같지 않을 수 있음
20223	청담			1984	2085	44	42	101	2.1103	2.0144	4.1247	4.8441	-0.3630	-1.5712	-0.3565	2	2	청담사거리(청담동명품거리)[발달상권] | 강남구청(청담역_8번, 강남세무서)[발달상권]	명칭 기반 대표상권 매칭이며 임대료 통계의 공간 경계와 정확히 같지 않을 수 있음
20224	청담			1993	2097	50	38	104	2.3844	1.8121	4.1965	4.9595	-0.4274	-1.9866	-0.2012	2	2	청담사거리(청담동명품거리)[발달상권] | 강남구청(청담역_8번, 강남세무서)[발달상권]	명칭 기반 대표상권 매칭이며 임대료 통계의 공간 경계와 정확히 같지 않을 수 있음
20231	청담			1993	2098	57	56	105	2.7169	2.6692	5.3861	5.0048	0.8731	1.5026	-0.0923	2	2	청담사거리(청담동명품거리)[발달상권] | 강남구청(청담역_8번, 강남세무서)[발달상권]	명칭 기반 대표상권 매칭이며 임대료 통계의 공간 경계와 정확히 같지 않을 수 있음
20232	청담			1993	2098	47	47	105	2.2402	2.2402	4.4805	5.0048	0.8000	0.4958	-0.0840	2	2	청담사거리(청담동명품거리)[발달상권] | 강남구청(청담역_8번, 강남세무서)[발달상권]	명칭 기반 대표상권 매칭이며 임대료 통계의 공간 경계와 정확히 같지 않을 수 있음
20233	청담			2005	2109	60	49	104	2.8450	2.3234	5.1683	4.9312	0.3090	1.0436	0.0871	2	2	청담사거리(청담동명품거리)[발달상권] | 강남구청(청담역_8번, 강남세무서)[발달상권]	명칭 기반 대표상권 매칭이며 임대료 통계의 공간 경계와 정확히 같지 않을 수 있음
20234	청담			2016	2123	57	43	107	2.6849	2.0254	4.7103	5.0400	0.2133	0.5138	0.0806	2	2	청담사거리(청담동명품거리)[발달상권] | 강남구청(청담역_8번, 강남세무서)[발달상권]	명칭 기반 대표상권 매칭이며 임대료 통계의 공간 경계와 정확히 같지 않을 수 있음
20241	청담			2019	2128	48	43	109	2.2556	2.0207	4.2763	5.1222	-0.6485	-1.1098	0.1174	2	2	청담사거리(청담동명품거리)[발달상권] | 강남구청(청담역_8번, 강남세무서)[발달상권]	명칭 기반 대표상권 매칭이며 임대료 통계의 공간 경계와 정확히 같지 않을 수 있음
20242	청담			2010	2119	43	52	109	2.0293	2.4540	4.4832	5.1439	0.2138	0.0028	0.1392	2	2	청담사거리(청담동명품거리)[발달상권] | 강남구청(청담역_8번, 강남세무서)[발달상권]	명칭 기반 대표상권 매칭이며 임대료 통계의 공간 경계와 정확히 같지 않을 수 있음
20243	청담	65.1		1999	2114	43	48	115	2.0341	2.2706	4.3046	5.4399	-0.0528	-0.8637	0.5087	2	2	청담사거리(청담동명품거리)[발달상권] | 강남구청(청담역_8번, 강남세무서)[발달상권]	명칭 기반 대표상권 매칭이며 임대료 통계의 공간 경계와 정확히 같지 않을 수 있음
20244	청담	66.0		2012	2129	38	24	117	1.7849	1.1273	2.9122	5.4955	-0.8981	-1.7982	0.4555	2	2	청담사거리(청담동명품거리)[발달상권] | 강남구청(청담역_8번, 강남세무서)[발달상권]	명칭 기반 대표상권 매칭이며 임대료 통계의 공간 경계와 정확히 같지 않을 수 있음
20251	청담	66.3		1998	2113	34	50	115	1.6091	2.3663	3.9754	5.4425	0.3456	-0.3009	0.3203	2	2	청담사거리(청담동명품거리)[발달상권] | 강남구청(청담역_8번, 강남세무서)[발달상권]	명칭 기반 대표상권 매칭이며 임대료 통계의 공간 경계와 정확히 같지 않을 수 있음
20252	청담	66.5		2002	2115	34	31	113	1.6076	1.4657	3.0733	5.3428	-0.9883	-1.4100	0.1989	2	2	청담사거리(청담동명품거리)[발달상권] | 강남구청(청담역_8번, 강남세무서)[발달상권]	명칭 기반 대표상권 매칭이며 임대료 통계의 공간 경계와 정확히 같지 않을 수 있음
20253	청담	67.5	3.6866	1984	2093	29	47	109	1.3856	2.2456	3.6312	5.2078	-0.0250	-0.6735	-0.2321	2	2	청담사거리(청담동명품거리)[발달상권] | 강남구청(청담역_8번, 강남세무서)[발달상권]	명칭 기반 대표상권 매칭이며 임대료 통계의 공간 경계와 정확히 같지 않을 수 있음
20254	청담	68.2	3.3333	1997	2108	47	31	111	2.2296	1.4706	3.7002	5.2657	0.3433	0.7880	-0.2299	2	2	청담사거리(청담동명품거리)[발달상권] | 강남구청(청담역_8번, 강남세무서)[발달상권]	명칭 기반 대표상권 매칭이며 임대료 통계의 공간 경계와 정확히 같지 않을 수 있음
20261	청담	68.7	3.6199													2	0	청담사거리(청담동명품거리)[발달상권] | 강남구청(청담역_8번, 강남세무서)[발달상권]	명칭 기반 대표상권 매칭이며 임대료 통계의 공간 경계와 정확히 같지 않을 수 있음
20211	테헤란로			8063	8771	251	243	708	2.8617	2.7705	5.6322	8.0721				4	4	역삼역[발달상권] | 선릉역[발달상권] | 삼성역[발달상권] | 코엑스[발달상권]	명칭 기반 대표상권 매칭이며 임대료 통계의 공간 경계와 정확히 같지 않을 수 있음
20212	테헤란로			8092	8786	273	258	694	3.1072	2.9365	6.0437	7.8989				4	4	역삼역[발달상권] | 선릉역[발달상권] | 삼성역[발달상권] | 코엑스[발달상권]	명칭 기반 대표상권 매칭이며 임대료 통계의 공간 경계와 정확히 같지 않을 수 있음
20213	테헤란로			8133	8830	263	219	697	2.9785	2.4802	5.4587	7.8935				4	4	역삼역[발달상권] | 선릉역[발달상권] | 삼성역[발달상권] | 코엑스[발달상권]	명칭 기반 대표상권 매칭이며 임대료 통계의 공간 경계와 정확히 같지 않을 수 있음
20214	테헤란로			8222	8932	304	202	710	3.4035	2.2615	5.6650	7.9489				4	4	역삼역[발달상권] | 선릉역[발달상권] | 삼성역[발달상권] | 코엑스[발달상권]	명칭 기반 대표상권 매칭이며 임대료 통계의 공간 경계와 정확히 같지 않을 수 있음
20221	테헤란로			8255	8955	242	219	700	2.7024	2.4456	5.1480	7.8169	-0.3249	-0.4842	-0.2552	4	4	역삼역[발달상권] | 선릉역[발달상권] | 삼성역[발달상권] | 코엑스[발달상권]	명칭 기반 대표상권 매칭이며 임대료 통계의 공간 경계와 정확히 같지 않을 수 있음
20222	테헤란로			8336	9041	256	170	705	2.8315	1.8803	4.7119	7.7978	-1.0562	-1.3318	-0.1011	4	4	역삼역[발달상권] | 선릉역[발달상권] | 삼성역[발달상권] | 코엑스[발달상권]	명칭 기반 대표상권 매칭이며 임대료 통계의 공간 경계와 정확히 같지 않을 수 있음
20223	테헤란로			8409	9100	279	220	691	3.0659	2.4176	5.4835	7.5934	-0.0626	0.0249	-0.3001	4	4	역삼역[발달상권] | 선릉역[발달상권] | 삼성역[발달상권] | 코엑스[발달상권]	명칭 기반 대표상권 매칭이며 임대료 통계의 공간 경계와 정확히 같지 않을 수 있음
20224	테헤란로			8490	9196	264	168	706	2.8708	1.8269	4.6977	7.6773	-0.4347	-0.9673	-0.2717	4	4	역삼역[발달상권] | 선릉역[발달상권] | 삼성역[발달상권] | 코엑스[발달상권]	명칭 기반 대표상권 매칭이며 임대료 통계의 공간 경계와 정확히 같지 않을 수 있음
20231	테헤란로			8539	9255	318	259	716	3.4360	2.7985	6.2345	7.7364	0.3529	1.0865	-0.0805	4	4	역삼역[발달상권] | 선릉역[발달상권] | 삼성역[발달상권] | 코엑스[발달상권]	명칭 기반 대표상권 매칭이며 임대료 통계의 공간 경계와 정확히 같지 않을 수 있음
20232	테헤란로			8598	9316	319	258	718	3.4242	2.7694	6.1936	7.7072	0.8891	1.4818	-0.0906	4	4	역삼역[발달상권] | 선릉역[발달상권] | 삼성역[발달상권] | 코엑스[발달상권]	명칭 기반 대표상권 매칭이며 임대료 통계의 공간 경계와 정확히 같지 않을 수 있음
20233	테헤란로			8627	9341	289	264	714	3.0939	2.8262	5.9201	7.6437	0.4087	0.4366	0.0503	4	4	역삼역[발달상권] | 선릉역[발달상권] | 삼성역[발달상권] | 코엑스[발달상권]	명칭 기반 대표상권 매칭이며 임대료 통계의 공간 경계와 정확히 같지 않을 수 있음
20234	테헤란로			8640	9355	252	238	715	2.6937	2.5441	5.2378	7.6430	0.7172	0.5401	-0.0343	4	4	역삼역[발달상권] | 선릉역[발달상권] | 삼성역[발달상권] | 코엑스[발달상권]	명칭 기반 대표상권 매칭이며 임대료 통계의 공간 경계와 정확히 같지 않을 수 있음
20241	테헤란로			8591	9286	213	282	695	2.2938	3.0368	5.3306	7.4844	0.2383	-0.9039	-0.2520	4	4	역삼역[발달상권] | 선릉역[발달상권] | 삼성역[발달상권] | 코엑스[발달상권]	명칭 기반 대표상권 매칭이며 임대료 통계의 공간 경계와 정확히 같지 않을 수 있음
20242	테헤란로			8560	9257	206	235	697	2.2253	2.5386	4.7640	7.5294	-0.2308	-1.4297	-0.1777	4	4	역삼역[발달상권] | 선릉역[발달상권] | 삼성역[발달상권] | 코엑스[발달상권]	명칭 기반 대표상권 매칭이며 임대료 통계의 공간 경계와 정확히 같지 않을 수 있음
20243	테헤란로	71.6		8519	9210	191	238	691	2.0738	2.5841	4.6580	7.5027	-0.2421	-1.2622	-0.1410	4	4	역삼역[발달상권] | 선릉역[발달상권] | 삼성역[발달상권] | 코엑스[발달상권]	명칭 기반 대표상권 매칭이며 임대료 통계의 공간 경계와 정확히 같지 않을 수 있음
20244	테헤란로	71.7		8511	9203	196	204	692	2.1297	2.2167	4.3464	7.5193	-0.3274	-0.8914	-0.1237	4	4	역삼역[발달상권] | 선릉역[발달상권] | 삼성역[발달상권] | 코엑스[발달상권]	명칭 기반 대표상권 매칭이며 임대료 통계의 공간 경계와 정확히 같지 않을 수 있음
20251	테헤란로	71.8		8424	9109	154	243	685	1.6906	2.6677	4.3583	7.5200	-0.3691	-0.9723	0.0357	4	4	역삼역[발달상권] | 선릉역[발달상권] | 삼성역[발달상권] | 코엑스[발달상권]	명칭 기반 대표상권 매칭이며 임대료 통계의 공간 경계와 정확히 같지 않을 수 있음
20252	테헤란로	71.9		8372	9053	172	209	681	1.8999	2.3086	4.2085	7.5224	-0.2300	-0.5554	-0.0071	4	4	역삼역[발달상권] | 선릉역[발달상권] | 삼성역[발달상권] | 코엑스[발달상권]	명칭 기반 대표상권 매칭이며 임대료 통계의 공간 경계와 정확히 같지 않을 수 있음
20253	테헤란로	72.5	1.2570	8316	8997	177	216	681	1.9673	2.4008	4.3681	7.5692	-0.1833	-0.2899	0.0665	4	4	역삼역[발달상권] | 선릉역[발달상권] | 삼성역[발달상권] | 코엑스[발달상권]	명칭 기반 대표상권 매칭이며 임대료 통계의 공간 경계와 정확히 같지 않을 수 있음
20254	테헤란로	72.5	1.1158	8304	8983	163	199	679	1.8145	2.2153	4.0298	7.5587	-0.0014	-0.3166	0.0394	4	4	역삼역[발달상권] | 선릉역[발달상권] | 삼성역[발달상권] | 코엑스[발달상권]	명칭 기반 대표상권 매칭이며 임대료 통계의 공간 경계와 정확히 같지 않을 수 있음
20261	테헤란로	72.9	1.5320													4	0	역삼역[발달상권] | 선릉역[발달상권] | 삼성역[발달상권] | 코엑스[발달상권]	명칭 기반 대표상권 매칭이며 임대료 통계의 공간 경계와 정확히 같지 않을 수 있음
20211	공덕역			810	919	22	21	109	2.3939	2.2851	4.6790	11.8607				1	1	공덕역(공덕오거리)[발달상권]	명칭 기반 대표상권 매칭이며 임대료 통계의 공간 경계와 정확히 같지 않을 수 있음
20212	공덕역			814	924	26	21	110	2.8139	2.2727	5.0866	11.9048				1	1	공덕역(공덕오거리)[발달상권]	명칭 기반 대표상권 매칭이며 임대료 통계의 공간 경계와 정확히 같지 않을 수 있음
20213	공덕역			813	924	17	17	111	1.8398	1.8398	3.6797	12.0130				1	1	공덕역(공덕오거리)[발달상권]	명칭 기반 대표상권 매칭이며 임대료 통계의 공간 경계와 정확히 같지 않을 수 있음
20214	공덕역			830	944	35	15	114	3.7076	1.5890	5.2966	12.0763				1	1	공덕역(공덕오거리)[발달상권]	명칭 기반 대표상권 매칭이며 임대료 통계의 공간 경계와 정확히 같지 않을 수 있음
20221	공덕역			828	940	16	20	112	1.7021	2.1277	3.8298	11.9149	-0.1574	-0.8492	0.0542	1	1	공덕역(공덕오거리)[발달상권]	명칭 기반 대표상권 매칭이며 임대료 통계의 공간 경계와 정확히 같지 않을 수 있음
20222	공덕역			842	953	29	16	111	3.0430	1.6789	4.7219	11.6474	-0.5938	-0.3646	-0.2573	1	1	공덕역(공덕오거리)[발달상권]	명칭 기반 대표상권 매칭이며 임대료 통계의 공간 경계와 정확히 같지 않을 수 있음
20223	공덕역			836	948	23	28	112	2.4262	2.9536	5.3797	11.8143	1.1138	1.7001	-0.1986	1	1	공덕역(공덕오거리)[발달상권]	명칭 기반 대표상권 매칭이며 임대료 통계의 공간 경계와 정확히 같지 않을 수 있음
20224	공덕역			837	951	30	27	114	3.1546	2.8391	5.9937	11.9874	1.2501	0.6971	-0.0889	1	1	공덕역(공덕오거리)[발달상권]	명칭 기반 대표상권 매칭이며 임대료 통계의 공간 경계와 정확히 같지 않을 수 있음
20231	공덕역			850	961	32	22	111	3.3299	2.2893	5.6191	11.5505	0.1616	1.7894	-0.3644	1	1	공덕역(공덕오거리)[발달상권]	명칭 기반 대표상권 매칭이며 임대료 통계의 공간 경계와 정확히 같지 않을 수 있음
20232	공덕역			846	959	23	25	113	2.3983	2.6069	5.0052	11.7831	0.9280	0.2833	0.1357	1	1	공덕역(공덕오거리)[발달상권]	명칭 기반 대표상권 매칭이며 임대료 통계의 공간 경계와 정확히 같지 않을 수 있음
20233	공덕역			847	957	24	26	110	2.5078	2.7168	5.2247	11.4943	-0.2368	-0.1551	-0.3201	1	1	공덕역(공덕오거리)[발달상권]	명칭 기반 대표상권 매칭이며 임대료 통계의 공간 경계와 정확히 같지 않을 수 있음
20234	공덕역			848	955	19	21	107	1.9895	2.1990	4.1885	11.2042	-0.6402	-1.8052	-0.7832	1	1	공덕역(공덕오거리)[발달상권]	명칭 기반 대표상권 매칭이며 임대료 통계의 공간 경계와 정확히 같지 않을 수 있음
20241	공덕역			845	951	23	27	106	2.4185	2.8391	5.2576	11.1462	0.5498	-0.3615	-0.4043	1	1	공덕역(공덕오거리)[발달상권]	명칭 기반 대표상권 매칭이며 임대료 통계의 공간 경계와 정확히 같지 않을 수 있음
20242	공덕역			842	946	19	24	104	2.0085	2.5370	4.5455	10.9937	-0.0699	-0.4598	-0.7894	1	1	공덕역(공덕오거리)[발달상권]	명칭 기반 대표상권 매칭이며 임대료 통계의 공간 경계와 정확히 같지 않을 수 있음
20243	공덕역	59.0		844	947	20	19	103	2.1119	2.0063	4.1183	10.8765	-0.7105	-1.1064	-0.6178	1	1	공덕역(공덕오거리)[발달상권]	명칭 기반 대표상권 매칭이며 임대료 통계의 공간 경계와 정확히 같지 않을 수 있음
20244	공덕역	59.2		843	949	24	22	106	2.5290	2.3182	4.8472	11.1697	0.1193	0.6587	-0.0345	1	1	공덕역(공덕오거리)[발달상권]	명칭 기반 대표상권 매칭이며 임대료 통계의 공간 경계와 정확히 같지 않을 수 있음
20251	공덕역	59.2		842	946	19	22	104	2.0085	2.3256	4.3340	10.9937	-0.5135	-0.9236	-0.1525	1	1	공덕역(공덕오거리)[발달상권]	명칭 기반 대표상권 매칭이며 임대료 통계의 공간 경계와 정확히 같지 않을 수 있음
20252	공덕역	59.1		845	949	22	19	104	2.3182	2.0021	4.3203	10.9589	-0.5349	-0.2251	-0.0348	1	1	공덕역(공덕오거리)[발달상권]	명칭 기반 대표상권 매칭이며 임대료 통계의 공간 경계와 정확히 같지 않을 수 있음
20253	공덕역	59.3	0.5085	836	941	14	18	105	1.4878	1.9129	3.4006	11.1583	-0.0935	-0.7176	0.2819	1	1	공덕역(공덕오거리)[발달상권]	명칭 기반 대표상권 매칭이며 임대료 통계의 공간 경계와 정확히 같지 않을 수 있음
20254	공덕역	59.6	0.6757	836	941	12	12	105	1.2752	1.2752	2.5505	11.1583	-1.0430	-2.2967	-0.0113	1	1	공덕역(공덕오거리)[발달상권]	명칭 기반 대표상권 매칭이며 임대료 통계의 공간 경계와 정확히 같지 않을 수 있음
20261	공덕역	59.8	1.0135													1	0	공덕역(공덕오거리)[발달상권]	명칭 기반 대표상권 매칭이며 임대료 통계의 공간 경계와 정확히 같지 않을 수 있음
20211	당산역			554	625	16	20	71	2.5600	3.2000	5.7600	11.3600				1	1	당산역[발달상권]	명칭 기반 대표상권 매칭이며 임대료 통계의 공간 경계와 정확히 같지 않을 수 있음
20212	당산역			568	636	23	12	68	3.6164	1.8868	5.5031	10.6918				1	1	당산역[발달상권]	명칭 기반 대표상권 매칭이며 임대료 통계의 공간 경계와 정확히 같지 않을 수 있음
20213	당산역			581	648	26	14	67	4.0123	2.1605	6.1728	10.3395				1	1	당산역[발달상권]	명칭 기반 대표상권 매칭이며 임대료 통계의 공간 경계와 정확히 같지 않을 수 있음
20214	당산역			591	657	21	12	66	3.1963	1.8265	5.0228	10.0457				1	1	당산역[발달상권]	명칭 기반 대표상권 매칭이며 임대료 통계의 공간 경계와 정확히 같지 않을 수 있음
20221	당산역			591	656	15	16	65	2.2866	2.4390	4.7256	9.9085	-0.7610	-1.0344	-1.4515	1	1	당산역[발달상권]	명칭 기반 대표상권 매칭이며 임대료 통계의 공간 경계와 정확히 같지 않을 수 있음
20222	당산역			598	666	16	6	68	2.4024	0.9009	3.3033	10.2102	-0.9859	-2.1998	-0.4816	1	1	당산역[발달상권]	명칭 기반 대표상권 매칭이며 임대료 통계의 공간 경계와 정확히 같지 않을 수 있음
20223	당산역			600	666	15	15	66	2.2523	2.2523	4.5045	9.9099	0.0918	-1.6683	-0.4296	1	1	당산역[발달상권]	명칭 기반 대표상권 매칭이며 임대료 통계의 공간 경계와 정확히 같지 않을 수 있음
20224	당산역			605	671	19	14	66	2.8316	2.0864	4.9180	9.8361	0.2600	-0.1048	-0.2096	1	1	당산역[발달상권]	명칭 기반 대표상권 매칭이며 임대료 통계의 공간 경계와 정확히 같지 않을 수 있음
20231	당산역			611	677	23	17	66	3.3973	2.5111	5.9084	9.7489	0.0721	1.1828	-0.1596	1	1	당산역[발달상권]	명칭 기반 대표상권 매칭이며 임대료 통계의 공간 경계와 정확히 같지 않을 수 있음
20232	당산역			623	688	26	15	65	3.7791	2.1802	5.9593	9.4477	1.2793	2.6560	-0.7625	1	1	당산역[발달상권]	명칭 기반 대표상권 매칭이며 임대료 통계의 공간 경계와 정확히 같지 않을 수 있음
20233	당산역			637	702	28	14	65	3.9886	1.9943	5.9829	9.2593	-0.2580	1.4784	-0.6507	1	1	당산역[발달상권]	명칭 기반 대표상권 매칭이며 임대료 통계의 공간 경계와 정확히 같지 않을 수 있음
20234	당산역			635	705	19	16	70	2.6950	2.2695	4.9645	9.9291	0.1831	0.0465	0.0930	1	1	당산역[발달상권]	명칭 기반 대표상권 매칭이며 임대료 통계의 공간 경계와 정확히 같지 않을 수 있음
20241	당산역			648	720	30	15	72	4.1667	2.0833	6.2500	10.0000	-0.4277	0.3416	0.2511	1	1	당산역[발달상권]	명칭 기반 대표상권 매칭이며 임대료 통계의 공간 경계와 정확히 같지 않을 수 있음
20242	당산역			659	731	25	14	72	3.4200	1.9152	5.3352	9.8495	-0.2650	-0.6241	0.4018	1	1	당산역[발달상권]	명칭 기반 대표상권 매칭이며 임대료 통계의 공간 경계와 정확히 같지 않을 수 있음
20243	당산역	38.3		656	728	27	30	72	3.7088	4.1209	7.8297	9.8901	2.1266	1.8468	0.6309	1	1	당산역[발달상권]	명칭 기반 대표상권 매칭이며 임대료 통계의 공간 경계와 정확히 같지 않을 수 있음
20244	당산역	38.3		661	728	20	19	67	2.7473	2.6099	5.3571	9.2033	0.3404	0.3926	-0.7258	1	1	당산역[발달상권]	명칭 기반 대표상권 매칭이며 임대료 통계의 공간 경계와 정확히 같지 않을 수 있음
20251	당산역	38.3		654	722	16	22	68	2.2161	3.0471	5.2632	9.4183	0.9638	-0.9868	-0.5817	1	1	당산역[발달상권]	명칭 기반 대표상권 매칭이며 임대료 통계의 공간 경계와 정확히 같지 않을 수 있음
20252	당산역	38.5		651	720	21	23	69	2.9167	3.1944	6.1111	9.5833	1.2793	0.7760	-0.2662	1	1	당산역[발달상권]	명칭 기반 대표상권 매칭이며 임대료 통계의 공간 경계와 정확히 같지 않을 수 있음
20253	당산역	39.7	3.6554	655	725	21	17	70	2.8966	2.3448	5.2414	9.6552	-1.7761	-2.5883	-0.2349	1	1	당산역[발달상권]	명칭 기반 대표상권 매칭이며 임대료 통계의 공간 경계와 정확히 같지 않을 수 있음
20254	당산역	40.9	6.7885	656	727	20	19	71	2.7510	2.6135	5.3645	9.7662	0.0036	0.0074	0.5629	1	1	당산역[발달상권]	명칭 기반 대표상권 매칭이며 임대료 통계의 공간 경계와 정확히 같지 않을 수 있음
20261	당산역	41.0	7.0496													1	0	당산역[발달상권]	명칭 기반 대표상권 매칭이며 임대료 통계의 공간 경계와 정확히 같지 않을 수 있음
20211	동교/연남			2611	2773	119	81	162	4.2914	2.9210	7.2124	5.8420				3	3	동교초등학교[골목상권] | 연트럴파크(연남동주민센터)[골목상권] | 연남동(홍대)[발달상권]	명칭 기반 대표상권 매칭이며 임대료 통계의 공간 경계와 정확히 같지 않을 수 있음
20212	동교/연남			2650	2813	135	95	163	4.7991	3.3772	8.1763	5.7945				3	3	동교초등학교[골목상권] | 연트럴파크(연남동주민센터)[골목상권] | 연남동(홍대)[발달상권]	명칭 기반 대표상권 매칭이며 임대료 통계의 공간 경계와 정확히 같지 않을 수 있음
20213	동교/연남			2681	2855	109	67	174	3.8179	2.3468	6.1646	6.0946				3	3	동교초등학교[골목상권] | 연트럴파크(연남동주민센터)[골목상권] | 연남동(홍대)[발달상권]	명칭 기반 대표상권 매칭이며 임대료 통계의 공간 경계와 정확히 같지 않을 수 있음
20214	동교/연남			2734	2912	150	93	178	5.1511	3.1937	8.3448	6.1126				3	3	동교초등학교[골목상권] | 연트럴파크(연남동주민센터)[골목상권] | 연남동(홍대)[발달상권]	명칭 기반 대표상권 매칭이며 임대료 통계의 공간 경계와 정확히 같지 않을 수 있음
20221	동교/연남			2762	2939	97	70	177	3.3004	2.3818	5.6822	6.0225	-0.5393	-1.5302	0.1804	3	3	동교초등학교[골목상권] | 연트럴파크(연남동주민센터)[골목상권] | 연남동(홍대)[발달상권]	명칭 기반 대표상권 매칭이며 임대료 통계의 공간 경계와 정확히 같지 않을 수 있음
20222	동교/연남			2827	3002	133	70	175	4.4304	2.3318	6.7622	5.8294	-1.0454	-1.4142	0.0349	3	3	동교초등학교[골목상권] | 연트럴파크(연남동주민센터)[골목상권] | 연남동(홍대)[발달상권]	명칭 기반 대표상권 매칭이며 임대료 통계의 공간 경계와 정확히 같지 않을 수 있음
20223	동교/연남			2841	3012	117	107	171	3.8845	3.5525	7.4369	5.6773	1.2057	1.2723	-0.4173	3	3	동교초등학교[골목상권] | 연트럴파크(연남동주민센터)[골목상권] | 연남동(홍대)[발달상권]	명칭 기반 대표상권 매칭이며 임대료 통계의 공간 경계와 정확히 같지 않을 수 있음
20224	동교/연남			2893	3067	162	107	174	5.2820	3.4888	8.7708	5.6733	0.2951	0.4260	-0.4393	3	3	동교초등학교[골목상권] | 연트럴파크(연남동주민센터)[골목상권] | 연남동(홍대)[발달상권]	명칭 기반 대표상권 매칭이며 임대료 통계의 공간 경계와 정확히 같지 않을 수 있음
20231	동교/연남			2928	3097	151	121	169	4.8757	3.9070	8.7827	5.4569	1.5252	3.1005	-0.5656	3	3	동교초등학교[골목상권] | 연트럴파크(연남동주민센터)[골목상권] | 연남동(홍대)[발달상권]	명칭 기반 대표상권 매칭이며 임대료 통계의 공간 경계와 정확히 같지 않을 수 있음
20232	동교/연남			2979	3151	146	92	172	4.6334	2.9197	7.5532	5.4586	0.5879	0.7910	-0.3709	3	3	동교초등학교[골목상권] | 연트럴파크(연남동주민센터)[골목상권] | 연남동(홍대)[발달상권]	명칭 기반 대표상권 매칭이며 임대료 통계의 공간 경계와 정확히 같지 않을 수 있음
20233	동교/연남			2985	3154	127	124	169	4.0266	3.9315	7.9581	5.3583	0.3791	0.5212	-0.3190	3	3	동교초등학교[골목상권] | 연트럴파크(연남동주민센터)[골목상권] | 연남동(홍대)[발달상권]	명칭 기반 대표상권 매칭이며 임대료 통계의 공간 경계와 정확히 같지 않을 수 있음
20234	동교/연남			3005	3173	108	89	168	3.4037	2.8049	6.2086	5.2947	-0.6838	-2.5622	-0.3786	3	3	동교초등학교[골목상권] | 연트럴파크(연남동주민센터)[골목상권] | 연남동(홍대)[발달상권]	명칭 기반 대표상권 매칭이며 임대료 통계의 공간 경계와 정확히 같지 않을 수 있음
20241	동교/연남			2998	3166	119	126	168	3.7587	3.9798	7.7385	5.3064	0.0728	-1.0442	-0.1505	3	3	동교초등학교[골목상권] | 연트럴파크(연남동주민센터)[골목상권] | 연남동(홍대)[발달상권]	명칭 기반 대표상권 매칭이며 임대료 통계의 공간 경계와 정확히 같지 않을 수 있음
20242	동교/연남			2986	3149	115	132	163	3.6520	4.1918	7.8438	5.1762	1.2721	0.2906	-0.2823	3	3	동교초등학교[골목상권] | 연트럴파크(연남동주민센터)[골목상권] | 연남동(홍대)[발달상권]	명칭 기반 대표상권 매칭이며 임대료 통계의 공간 경계와 정확히 같지 않을 수 있음
20243	동교/연남	55.0		2963	3134	99	114	171	3.1589	3.6375	6.7964	5.4563	-0.2940	-1.1617	0.0980	3	3	동교초등학교[골목상권] | 연트럴파크(연남동주민센터)[골목상권] | 연남동(홍대)[발달상권]	명칭 기반 대표상권 매칭이며 임대료 통계의 공간 경계와 정확히 같지 않을 수 있음
20244	동교/연남	55.2		2964	3130	77	83	166	2.4601	2.6518	5.1118	5.3035	-0.1532	-1.0968	0.0088	3	3	동교초등학교[골목상권] | 연트럴파크(연남동주민센터)[골목상권] | 연남동(홍대)[발달상권]	명칭 기반 대표상권 매칭이며 임대료 통계의 공간 경계와 정확히 같지 않을 수 있음
20251	동교/연남	55.1		2944	3110	101	116	166	3.2476	3.7299	6.9775	5.3376	-0.2499	-0.7610	0.0312	3	3	동교초등학교[골목상권] | 연트럴파크(연남동주민센터)[골목상권] | 연남동(홍대)[발달상권]	명칭 기반 대표상권 매칭이며 임대료 통계의 공간 경계와 정확히 같지 않을 수 있음
20252	동교/연남	55.2		2954	3117	100	94	163	3.2082	3.0157	6.2239	5.2294	-1.1761	-1.6198	0.0531	3	3	동교초등학교[골목상권] | 연트럴파크(연남동주민센터)[골목상권] | 연남동(홍대)[발달상권]	명칭 기반 대표상권 매칭이며 임대료 통계의 공간 경계와 정확히 같지 않을 수 있음
20253	동교/연남	55.5	0.9091	2947	3109	94	107	162	3.0235	3.4416	6.4651	5.2107	-0.1959	-0.3313	-0.2456	3	3	동교초등학교[골목상권] | 연트럴파크(연남동주민센터)[골목상권] | 연남동(홍대)[발달상권]	명칭 기반 대표상권 매칭이며 임대료 통계의 공간 경계와 정확히 같지 않을 수 있음
20254	동교/연남	55.7	0.9058	2953	3114	81	76	161	2.6012	2.4406	5.0417	5.1702	-0.2112	-0.0701	-0.1333	3	3	동교초등학교[골목상권] | 연트럴파크(연남동주민센터)[골목상권] | 연남동(홍대)[발달상권]	명칭 기반 대표상권 매칭이며 임대료 통계의 공간 경계와 정확히 같지 않을 수 있음
20261	동교/연남	56.5	2.5408													3	0	동교초등학교[골목상권] | 연트럴파크(연남동주민센터)[골목상권] | 연남동(홍대)[발달상권]	명칭 기반 대표상권 매칭이며 임대료 통계의 공간 경계와 정확히 같지 않을 수 있음
20211	망원역			298	342	13	9	44	3.8012	2.6316	6.4327	12.8655				1	1	망원역[발달상권]	명칭 기반 대표상권 매칭이며 임대료 통계의 공간 경계와 정확히 같지 않을 수 있음
20212	망원역			301	345	12	9	44	3.4783	2.6087	6.0870	12.7536				1	1	망원역[발달상권]	명칭 기반 대표상권 매칭이며 임대료 통계의 공간 경계와 정확히 같지 않을 수 있음
20213	망원역			308	352	16	9	44	4.5455	2.5568	7.1023	12.5000				1	1	망원역[발달상권]	명칭 기반 대표상권 매칭이며 임대료 통계의 공간 경계와 정확히 같지 않을 수 있음
20214	망원역			315	357	15	10	42	4.2017	2.8011	7.0028	11.7647				1	1	망원역[발달상권]	명칭 기반 대표상권 매칭이며 임대료 통계의 공간 경계와 정확히 같지 않을 수 있음
20221	망원역			321	363	11	5	42	3.0303	1.3774	4.4077	11.5702	-1.2542	-2.0250	-1.2952	1	1	망원역[발달상권]	명칭 기반 대표상권 매칭이며 임대료 통계의 공간 경계와 정확히 같지 않을 수 있음
20222	망원역			322	364	9	8	42	2.4725	2.1978	4.6703	11.5385	-0.4109	-1.4166	-1.2152	1	1	망원역[발달상권]	명칭 기반 대표상권 매칭이며 임대료 통계의 공간 경계와 정확히 같지 않을 수 있음
20223	망원역			317	359	11	16	42	3.0641	4.4568	7.5209	11.6992	1.9000	0.4186	-0.8008	1	1	망원역[발달상권]	명칭 기반 대표상권 매칭이며 임대료 통계의 공간 경계와 정확히 같지 않을 수 있음
20224	망원역			327	371	24	12	44	6.4690	3.2345	9.7035	11.8598	0.4334	2.7007	0.0951	1	1	망원역[발달상권]	명칭 기반 대표상권 매칭이며 임대료 통계의 공간 경계와 정확히 같지 않을 수 있음
20231	망원역			326	369	9	11	43	2.4390	2.9810	5.4201	11.6531	1.6036	1.0123	0.0829	1	1	망원역[발달상권]	명칭 기반 대표상권 매칭이며 임대료 통계의 공간 경계와 정확히 같지 않을 수 있음
20232	망원역			331	375	11	5	44	2.9333	1.3333	4.2667	11.7333	-0.8645	-0.4037	0.1949	1	1	망원역[발달상권]	명칭 기반 대표상권 매칭이며 임대료 통계의 공간 경계와 정확히 같지 않을 수 있음
20233	망원역			335	379	14	10	44	3.6939	2.6385	6.3325	11.6095	-1.8183	-1.1884	-0.0897	1	1	망원역[발달상권]	명칭 기반 대표상권 매칭이며 임대료 통계의 공간 경계와 정확히 같지 않을 수 있음
20234	망원역			340	380	10	9	40	2.6316	2.3684	5.0000	10.5263	-0.8661	-4.7035	-1.3335	1	1	망원역[발달상권]	명칭 기반 대표상권 매칭이며 임대료 통계의 공간 경계와 정확히 같지 않을 수 있음
20241	망원역			336	378	13	15	42	3.4392	3.9683	7.4074	11.1111	0.9872	1.9874	-0.5420	1	1	망원역[발달상권]	명칭 기반 대표상권 매칭이며 임대료 통계의 공간 경계와 정확히 같지 않을 수 있음
20242	망원역			336	376	6	8	40	1.5957	2.1277	3.7234	10.6383	0.7943	-0.5433	-1.0950	1	1	망원역[발달상권]	명칭 기반 대표상권 매칭이며 임대료 통계의 공간 경계와 정확히 같지 않을 수 있음
20243	망원역	40.6		336	374	8	10	38	2.1390	2.6738	4.8128	10.1604	0.0353	-1.5196	-1.4491	1	1	망원역[발달상권]	명칭 기반 대표상권 매칭이며 임대료 통계의 공간 경계와 정확히 같지 않을 수 있음
20244	망원역	40.6		337	378	14	10	41	3.7037	2.6455	6.3492	10.8466	0.2771	1.3492	0.3202	1	1	망원역[발달상권]	명칭 기반 대표상권 매칭이며 임대료 통계의 공간 경계와 정확히 같지 않을 수 있음
20251	망원역	40.6		337	377	5	6	40	1.3263	1.5915	2.9178	10.6101	-2.3767	-4.4896	-0.5010	1	1	망원역[발달상권]	명칭 기반 대표상권 매칭이며 임대료 통계의 공간 경계와 정확히 같지 않을 수 있음
20252	망원역	40.6		330	369	12	20	39	3.2520	5.4201	8.6721	10.5691	3.2924	4.9487	-0.0692	1	1	망원역[발달상권]	명칭 기반 대표상권 매칭이며 임대료 통계의 공간 경계와 정확히 같지 않을 수 있음
20253	망원역	40.8	0.4926	336	374	10	6	38	2.6738	1.6043	4.2781	10.1604	-1.0695	-0.5348	0.0000	1	1	망원역[발달상권]	명칭 기반 대표상권 매칭이며 임대료 통계의 공간 경계와 정확히 같지 않을 수 있음
20254	망원역	41.0	0.9852	338	377	9	6	39	2.3873	1.5915	3.9788	10.3448	-1.0540	-2.3704	-0.5017	1	1	망원역[발달상권]	명칭 기반 대표상권 매칭이며 임대료 통계의 공간 경계와 정확히 같지 않을 수 있음
20261	망원역	41.3	1.7241													1	0	망원역[발달상권]	명칭 기반 대표상권 매칭이며 임대료 통계의 공간 경계와 정확히 같지 않을 수 있음
20211	신촌/이대			2676	3044	87	94	368	2.8581	3.0880	5.9461	12.0894				2	2	신촌역(신촌역, 신촌로터리)[발달상권] | 이화여대(이대역, 이대)[발달상권]	명칭 기반 대표상권 매칭이며 임대료 통계의 공간 경계와 정확히 같지 않을 수 있음
20212	신촌/이대			2669	3036	90	98	367	2.9644	3.2279	6.1924	12.0883				2	2	신촌역(신촌역, 신촌로터리)[발달상권] | 이화여대(이대역, 이대)[발달상권]	명칭 기반 대표상권 매칭이며 임대료 통계의 공간 경계와 정확히 같지 않을 수 있음
20213	신촌/이대			2660	3020	71	87	360	2.3510	2.8808	5.2318	11.9205				2	2	신촌역(신촌역, 신촌로터리)[발달상권] | 이화여대(이대역, 이대)[발달상권]	명칭 기반 대표상권 매칭이며 임대료 통계의 공간 경계와 정확히 같지 않을 수 있음
20214	신촌/이대			2686	3052	122	90	366	3.9974	2.9489	6.9463	11.9921				2	2	신촌역(신촌역, 신촌로터리)[발달상권] | 이화여대(이대역, 이대)[발달상권]	명칭 기반 대표상권 매칭이며 임대료 통계의 공간 경계와 정확히 같지 않을 수 있음
20221	신촌/이대			2691	3057	72	67	366	2.3553	2.1917	4.5469	11.9725	-0.8964	-1.3992	-0.1168	2	2	신촌역(신촌역, 신촌로터리)[발달상권] | 이화여대(이대역, 이대)[발달상권]	명칭 기반 대표상권 매칭이며 임대료 통계의 공간 경계와 정확히 같지 않을 수 있음
20222	신촌/이대			2705	3074	83	66	369	2.7001	2.1470	4.8471	12.0039	-1.0809	-1.3453	-0.0844	2	2	신촌역(신촌역, 신촌로터리)[발달상권] | 이화여대(이대역, 이대)[발달상권]	명칭 기반 대표상권 매칭이며 임대료 통계의 공간 경계와 정확히 같지 않을 수 있음
20223	신촌/이대			2693	3056	94	112	363	3.0759	3.6649	6.7408	11.8783	0.7841	1.5090	-0.0423	2	2	신촌역(신촌역, 신촌로터리)[발달상권] | 이화여대(이대역, 이대)[발달상권]	명칭 기반 대표상권 매칭이며 임대료 통계의 공간 경계와 정확히 같지 않을 수 있음
20224	신촌/이대			2713	3085	119	90	372	3.8574	2.9173	6.7747	12.0583	-0.0315	-0.1715	0.0662	2	2	신촌역(신촌역, 신촌로터리)[발달상권] | 이화여대(이대역, 이대)[발달상권]	명칭 기반 대표상권 매칭이며 임대료 통계의 공간 경계와 정확히 같지 않을 수 있음
20231	신촌/이대			2702	3075	109	119	373	3.5447	3.8699	7.4146	12.1301	1.6782	2.8677	0.1576	2	2	신촌역(신촌역, 신촌로터리)[발달상권] | 이화여대(이대역, 이대)[발달상권]	명칭 기반 대표상권 매칭이며 임대료 통계의 공간 경계와 정확히 같지 않을 수 있음
20232	신촌/이대			2720	3101	114	88	381	3.6762	2.8378	6.5140	12.2864	0.6908	1.6669	0.2825	2	2	신촌역(신촌역, 신촌로터리)[발달상권] | 이화여대(이대역, 이대)[발달상권]	명칭 기반 대표상권 매칭이며 임대료 통계의 공간 경계와 정확히 같지 않을 수 있음
20233	신촌/이대			2717	3094	105	112	377	3.3937	3.6199	7.0136	12.1849	-0.0450	0.2727	0.3066	2	2	신촌역(신촌역, 신촌로터리)[발달상권] | 이화여대(이대역, 이대)[발달상권]	명칭 기반 대표상권 매칭이며 임대료 통계의 공간 경계와 정확히 같지 않을 수 있음
20234	신촌/이대			2723	3099	95	90	376	3.0655	2.9042	5.9697	12.1329	-0.0132	-0.8050	0.0746	2	2	신촌역(신촌역, 신촌로터리)[발달상권] | 이화여대(이대역, 이대)[발달상권]	명칭 기반 대표상권 매칭이며 임대료 통계의 공간 경계와 정확히 같지 않을 수 있음
20241	신촌/이대			2725	3106	104	97	381	3.3484	3.1230	6.4713	12.2666	-0.7469	-0.9433	0.1365	2	2	신촌역(신촌역, 신촌로터리)[발달상권] | 이화여대(이대역, 이대)[발달상권]	명칭 기반 대표상권 매칭이며 임대료 통계의 공간 경계와 정확히 같지 않을 수 있음
20242	신촌/이대			2706	3085	87	108	379	2.8201	3.5008	6.3209	12.2853	0.6630	-0.1931	-0.0011	2	2	신촌역(신촌역, 신촌로터리)[발달상권] | 이화여대(이대역, 이대)[발달상권]	명칭 기반 대표상권 매칭이며 임대료 통계의 공간 경계와 정확히 같지 않을 수 있음
20243	신촌/이대	40.9		2693	3068	78	95	375	2.5424	3.0965	5.6389	12.2229	-0.5234	-1.3747	0.0381	2	2	신촌역(신촌역, 신촌로터리)[발달상권] | 이화여대(이대역, 이대)[발달상권]	명칭 기반 대표상권 매칭이며 임대료 통계의 공간 경계와 정확히 같지 않을 수 있음
20244	신촌/이대	40.8		2687	3056	62	74	369	2.0288	2.4215	4.4503	12.0746	-0.4827	-1.5194	-0.0583	2	2	신촌역(신촌역, 신촌로터리)[발달상권] | 이화여대(이대역, 이대)[발달상권]	명칭 기반 대표상권 매칭이며 임대료 통계의 공간 경계와 정확히 같지 않을 수 있음
20251	신촌/이대	40.7		2641	2997	36	92	356	1.2012	3.0697	4.2709	11.8785	-0.0533	-2.2004	-0.3880	2	2	신촌역(신촌역, 신촌로터리)[발달상권] | 이화여대(이대역, 이대)[발달상권]	명칭 기반 대표상권 매칭이며 임대료 통계의 공간 경계와 정확히 같지 않을 수 있음
20252	신촌/이대	40.8		2632	2990	83	85	358	2.7759	2.8428	5.6187	11.9732	-0.6580	-0.7022	-0.3120	2	2	신촌역(신촌역, 신촌로터리)[발달상권] | 이화여대(이대역, 이대)[발달상권]	명칭 기반 대표상권 매칭이며 임대료 통계의 공간 경계와 정확히 같지 않을 수 있음
20253	신촌/이대	40.8	-0.2445	2606	2960	65	95	354	2.1959	3.2095	5.4054	11.9595	0.1130	-0.2334	-0.2635	2	2	신촌역(신촌역, 신촌로터리)[발달상권] | 이화여대(이대역, 이대)[발달상권]	명칭 기반 대표상권 매칭이며 임대료 통계의 공간 경계와 정확히 같지 않을 수 있음
20254	신촌/이대	40.9	0.2451	2590	2932	59	82	342	2.0123	2.7967	4.8090	11.6644	0.3753	0.3587	-0.4102	2	2	신촌역(신촌역, 신촌로터리)[발달상권] | 이화여대(이대역, 이대)[발달상권]	명칭 기반 대표상권 매칭이며 임대료 통계의 공간 경계와 정확히 같지 않을 수 있음
20261	신촌/이대	40.7	0.0000													2	0	신촌역(신촌역, 신촌로터리)[발달상권] | 이화여대(이대역, 이대)[발달상권]	명칭 기반 대표상권 매칭이며 임대료 통계의 공간 경계와 정확히 같지 않을 수 있음
20211	영등포역			2061	2318	46	65	257	1.9845	2.8041	4.7886	11.0871				1	1	영등포역(영등포)[발달상권]	명칭 기반 대표상권 매칭이며 임대료 통계의 공간 경계와 정확히 같지 않을 수 있음
20212	영등포역			2046	2302	52	68	256	2.2589	2.9540	5.2129	11.1208				1	1	영등포역(영등포)[발달상권]	명칭 기반 대표상권 매칭이며 임대료 통계의 공간 경계와 정확히 같지 않을 수 있음
20213	영등포역			2040	2295	46	53	255	2.0044	2.3094	4.3137	11.1111				1	1	영등포역(영등포)[발달상권]	명칭 기반 대표상권 매칭이며 임대료 통계의 공간 경계와 정확히 같지 않을 수 있음
20214	영등포역			2023	2277	41	59	254	1.8006	2.5911	4.3917	11.1550				1	1	영등포역(영등포)[발달상권]	명칭 기반 대표상권 매칭이며 임대료 통계의 공간 경계와 정확히 같지 않을 수 있음
20221	영등포역			2032	2284	50	43	252	2.1891	1.8827	4.0718	11.0333	-0.9215	-0.7168	-0.0539	1	1	영등포역(영등포)[발달상권]	명칭 기반 대표상권 매칭이며 임대료 통계의 공간 경계와 정확히 같지 않을 수 있음
20222	영등포역			2049	2305	57	36	256	2.4729	1.5618	4.0347	11.1063	-1.3921	-1.1782	-0.0145	1	1	영등포역(영등포)[발달상권]	명칭 기반 대표상권 매칭이며 임대료 통계의 공간 경계와 정확히 같지 않을 수 있음
20223	영등포역			2033	2283	57	79	250	2.4967	3.4604	5.9571	10.9505	1.1510	1.6433	-0.1606	1	1	영등포역(영등포)[발달상권]	명칭 기반 대표상권 매칭이며 임대료 통계의 공간 경계와 정확히 같지 않을 수 있음
20224	영등포역			2034	2281	60	62	247	2.6304	2.7181	5.3485	10.8286	0.1270	0.9568	-0.3264	1	1	영등포역(영등포)[발달상권]	명칭 기반 대표상권 매칭이며 임대료 통계의 공간 경계와 정확히 같지 않을 수 있음
20231	영등포역			2036	2282	54	53	246	2.3663	2.3225	4.6889	10.7800	0.4399	0.6171	-0.2533	1	1	영등포역(영등포)[발달상권]	명칭 기반 대표상권 매칭이며 임대료 통계의 공간 경계와 정확히 같지 않을 수 있음
20232	영등포역			2046	2291	74	65	245	3.2300	2.8372	6.0672	10.6940	1.2754	2.0325	-0.4123	1	1	영등포역(영등포)[발달상권]	명칭 기반 대표상권 매칭이며 임대료 통계의 공간 경계와 정확히 같지 않을 수 있음
20233	영등포역			2041	2284	70	77	243	3.0648	3.3713	6.4361	10.6392	-0.0891	0.4790	-0.3113	1	1	영등포역(영등포)[발달상권]	명칭 기반 대표상권 매칭이며 임대료 통계의 공간 경계와 정확히 같지 않을 수 있음
20234	영등포역			2035	2279	52	57	244	2.2817	2.5011	4.7828	10.7065	-0.2170	-0.5657	-0.1221	1	1	영등포역(영등포)[발달상권]	명칭 기반 대표상권 매칭이며 임대료 통계의 공간 경계와 정확히 같지 않을 수 있음
20241	영등포역			2032	2275	50	54	243	2.1978	2.3736	4.5714	10.6813	0.0511	-0.1174	-0.0987	1	1	영등포역(영등포)[발달상권]	명칭 기반 대표상권 매칭이며 임대료 통계의 공간 경계와 정확히 같지 않을 수 있음
20242	영등포역			2009	2250	54	79	241	2.4000	3.5111	5.9111	10.7111	0.6739	-0.1561	0.0171	1	1	영등포역(영등포)[발달상권]	명칭 기반 대표상권 매칭이며 임대료 통계의 공간 경계와 정확히 같지 않을 수 있음
20243	영등포역	38.0		2002	2243	41	48	241	1.8279	2.1400	3.9679	10.7445	-1.2313	-2.4682	0.1053	1	1	영등포역(영등포)[발달상권]	명칭 기반 대표상권 매칭이며 임대료 통계의 공간 경계와 정확히 같지 않을 수 있음
20244	영등포역	38.0		2002	2244	52	51	242	2.3173	2.2727	4.5900	10.7843	-0.2284	-0.1928	0.0779	1	1	영등포역(영등포)[발달상권]	명칭 기반 대표상권 매칭이며 임대료 통계의 공간 경계와 정확히 같지 않을 수 있음
20251	영등포역	38.0		1978	2221	26	48	243	1.1706	2.1612	3.3318	10.9410	-0.2124	-1.2396	0.2597	1	1	영등포역(영등포)[발달상권]	명칭 기반 대표상권 매칭이며 임대료 통계의 공간 경계와 정확히 같지 않을 수 있음
20252	영등포역	38.0		1970	2215	45	50	245	2.0316	2.2573	4.2889	11.0609	-1.2538	-1.6222	0.3498	1	1	영등포역(영등포)[발달상권]	명칭 기반 대표상권 매칭이며 임대료 통계의 공간 경계와 정확히 같지 않을 수 있음
20253	영등포역	38.1	0.2632	1970	2212	36	40	242	1.6275	1.8083	3.4358	10.9403	-0.3317	-0.5321	0.1958	1	1	영등포역(영등포)[발달상권]	명칭 기반 대표상권 매칭이며 임대료 통계의 공간 경계와 정확히 같지 않을 수 있음
20254	영등포역	38.2	0.5263	1959	2200	40	53	241	1.8182	2.4091	4.2273	10.9545	0.1364	-0.3627	0.1702	1	1	영등포역(영등포)[발달상권]	명칭 기반 대표상권 매칭이며 임대료 통계의 공간 경계와 정확히 같지 않을 수 있음
20261	영등포역	38.3	0.7895													1	0	영등포역(영등포)[발달상권]	명칭 기반 대표상권 매칭이며 임대료 통계의 공간 경계와 정확히 같지 않을 수 있음
20211	홍대/합정			4945	5484	158	172	539	2.8811	3.1364	6.0175	9.8286				4	4	홍대입구역(홍대)[발달상권] | 서교동(홍대)[발달상권] | 상수역(홍대)[발달상권] | 합정역[발달상권]	명칭 기반 대표상권 매칭이며 임대료 통계의 공간 경계와 정확히 같지 않을 수 있음
20212	홍대/합정			5009	5538	254	200	529	4.5865	3.6114	8.1979	9.5522				4	4	홍대입구역(홍대)[발달상권] | 서교동(홍대)[발달상권] | 상수역(홍대)[발달상권] | 합정역[발달상권]	명칭 기반 대표상권 매칭이며 임대료 통계의 공간 경계와 정확히 같지 않을 수 있음
20213	홍대/합정			5039	5573	192	157	534	3.4452	2.8172	6.2623	9.5819				4	4	홍대입구역(홍대)[발달상권] | 서교동(홍대)[발달상권] | 상수역(홍대)[발달상권] | 합정역[발달상권]	명칭 기반 대표상권 매칭이며 임대료 통계의 공간 경계와 정확히 같지 않을 수 있음
20214	홍대/합정			5154	5688	282	167	534	4.9578	2.9360	7.8938	9.3882				4	4	홍대입구역(홍대)[발달상권] | 서교동(홍대)[발달상권] | 상수역(홍대)[발달상권] | 합정역[발달상권]	명칭 기반 대표상권 매칭이며 임대료 통계의 공간 경계와 정확히 같지 않을 수 있음
20221	홍대/합정			5202	5743	191	136	541	3.3258	2.3681	5.6939	9.4202	-0.7683	-0.3236	-0.4084	4	4	홍대입구역(홍대)[발달상권] | 서교동(홍대)[발달상권] | 상수역(홍대)[발달상권] | 합정역[발달상권]	명칭 기반 대표상권 매칭이며 임대료 통계의 공간 경계와 정확히 같지 않을 수 있음
20222	홍대/합정			5296	5833	230	140	537	3.9431	2.4001	6.3432	9.2062	-1.2113	-1.8547	-0.3459	4	4	홍대입구역(홍대)[발달상권] | 서교동(홍대)[발달상권] | 상수역(홍대)[발달상권] | 합정역[발달상권]	명칭 기반 대표상권 매칭이며 임대료 통계의 공간 경계와 정확히 같지 않을 수 있음
20223	홍대/합정			5337	5860	216	189	523	3.6860	3.2253	6.9113	8.9249	0.4081	0.6489	-0.6570	4	4	홍대입구역(홍대)[발달상권] | 서교동(홍대)[발달상권] | 상수역(홍대)[발달상권] | 합정역[발달상권]	명칭 기반 대표상권 매칭이며 임대료 통계의 공간 경계와 정확히 같지 않을 수 있음
20224	홍대/합정			5405	5925	231	166	520	3.8987	2.8017	6.7004	8.7764	-0.1343	-1.1934	-0.6118	4	4	홍대입구역(홍대)[발달상권] | 서교동(홍대)[발달상권] | 상수역(홍대)[발달상권] | 합정역[발달상권]	명칭 기반 대표상권 매칭이며 임대료 통계의 공간 경계와 정확히 같지 않을 수 있음
20231	홍대/합정			5441	5956	226	195	515	3.7945	3.2740	7.0685	8.6467	0.9059	1.3746	-0.7734	4	4	홍대입구역(홍대)[발달상권] | 서교동(홍대)[발달상권] | 상수역(홍대)[발달상권] | 합정역[발달상권]	명칭 기반 대표상권 매칭이며 임대료 통계의 공간 경계와 정확히 같지 않을 수 있음
20232	홍대/합정			5505	6030	254	180	525	4.2123	2.9851	7.1973	8.7065	0.5849	0.8541	-0.4998	4	4	홍대입구역(홍대)[발달상권] | 서교동(홍대)[발달상권] | 상수역(홍대)[발달상권] | 합정역[발달상권]	명칭 기반 대표상권 매칭이며 임대료 통계의 공간 경계와 정확히 같지 않을 수 있음
20233	홍대/합정			5548	6075	242	197	527	3.9835	3.2428	7.2263	8.6749	0.0175	0.3151	-0.2500	4	4	홍대입구역(홍대)[발달상권] | 서교동(홍대)[발달상권] | 상수역(홍대)[발달상권] | 합정역[발달상권]	명칭 기반 대표상권 매칭이며 임대료 통계의 공간 경계와 정확히 같지 않을 수 있음
20234	홍대/합정			5579	6103	210	182	524	3.4409	2.9821	6.4231	8.5859	0.1805	-0.2774	-0.1904	4	4	홍대입구역(홍대)[발달상권] | 서교동(홍대)[발달상권] | 상수역(홍대)[발달상권] | 합정역[발달상권]	명칭 기반 대표상권 매칭이며 임대료 통계의 공간 경계와 정확히 같지 않을 수 있음
20241	홍대/합정			5608	6128	216	191	520	3.5248	3.1168	6.6416	8.4856	-0.1572	-0.4269	-0.1611	4	4	홍대입구역(홍대)[발달상권] | 서교동(홍대)[발달상권] | 상수역(홍대)[발달상권] | 합정역[발달상권]	명칭 기반 대표상권 매칭이며 임대료 통계의 공간 경계와 정확히 같지 않을 수 있음
20242	홍대/합정			5628	6143	205	190	515	3.3371	3.0930	6.4301	8.3835	0.1079	-0.7673	-0.3229	4	4	홍대입구역(홍대)[발달상권] | 서교동(홍대)[발달상권] | 상수역(홍대)[발달상권] | 합정역[발달상권]	명칭 기반 대표상권 매칭이며 임대료 통계의 공간 경계와 정확히 같지 않을 수 있음
20243	홍대/합정	60.2		5599	6112	195	226	513	3.1904	3.6976	6.8881	8.3933	0.4548	-0.3382	-0.2816	4	4	홍대입구역(홍대)[발달상권] | 서교동(홍대)[발달상권] | 상수역(홍대)[발달상권] | 합정역[발달상권]	명칭 기반 대표상권 매칭이며 임대료 통계의 공간 경계와 정확히 같지 않을 수 있음
20244	홍대/합정	60.5		5609	6119	193	187	510	3.1541	3.0561	6.2102	8.3347	0.0739	-0.2129	-0.2512	4	4	홍대입구역(홍대)[발달상권] | 서교동(홍대)[발달상권] | 상수역(홍대)[발달상권] | 합정역[발달상권]	명칭 기반 대표상권 매칭이며 임대료 통계의 공간 경계와 정확히 같지 않을 수 있음
20251	홍대/합정	60.2		5540	6048	163	226	508	2.6951	3.7368	6.4319	8.3995	0.6199	-0.2098	-0.0862	4	4	홍대입구역(홍대)[발달상권] | 서교동(홍대)[발달상권] | 상수역(홍대)[발달상권] | 합정역[발달상권]	명칭 기반 대표상권 매칭이며 임대료 통계의 공간 경계와 정확히 같지 않을 수 있음
20252	홍대/합정	60.6		5534	6035	185	190	501	3.0655	3.1483	6.2138	8.3016	0.0554	-0.2163	-0.0820	4	4	홍대입구역(홍대)[발달상권] | 서교동(홍대)[발달상권] | 상수역(홍대)[발달상권] | 합정역[발달상권]	명칭 기반 대표상권 매칭이며 임대료 통계의 공간 경계와 정확히 같지 않을 수 있음
20253	홍대/합정	61.0	1.3289	5542	6039	194	189	497	3.2125	3.1297	6.3421	8.2298	-0.5680	-0.5460	-0.1635	4	4	홍대입구역(홍대)[발달상권] | 서교동(홍대)[발달상권] | 상수역(홍대)[발달상권] | 합정역[발달상권]	명칭 기반 대표상권 매칭이며 임대료 통계의 공간 경계와 정확히 같지 않을 수 있음
20254	홍대/합정	61.5	1.6529	5514	6000	156	195	486	2.6000	3.2500	5.8500	8.1000	0.1939	-0.3602	-0.2347	4	4	홍대입구역(홍대)[발달상권] | 서교동(홍대)[발달상권] | 상수역(홍대)[발달상권] | 합정역[발달상권]	명칭 기반 대표상권 매칭이며 임대료 통계의 공간 경계와 정확히 같지 않을 수 있음
20261	홍대/합정	62.9	4.4850													4	0	홍대입구역(홍대)[발달상권] | 서교동(홍대)[발달상권] | 상수역(홍대)[발달상권] | 합정역[발달상권]	명칭 기반 대표상권 매칭이며 임대료 통계의 공간 경계와 정확히 같지 않을 수 있음
20211	가락시장			4206	4336	46	69	130	1.0609	1.5913	2.6522	2.9982				2	2	가락시장[발달상권] | 가락시장역[발달상권]	명칭 기반 대표상권 매칭이며 임대료 통계의 공간 경계와 정확히 같지 않을 수 있음
20212	가락시장			4184	4312	49	73	128	1.1364	1.6929	2.8293	2.9685				2	2	가락시장[발달상권] | 가락시장역[발달상권]	명칭 기반 대표상권 매칭이며 임대료 통계의 공간 경계와 정확히 같지 않을 수 있음
20213	가락시장			4184	4311	59	60	127	1.3686	1.3918	2.7604	2.9460				2	2	가락시장[발달상권] | 가락시장역[발달상권]	명칭 기반 대표상권 매칭이며 임대료 통계의 공간 경계와 정확히 같지 않을 수 있음
20214	가락시장			4186	4317	55	49	131	1.2740	1.1350	2.4091	3.0345				2	2	가락시장[발달상권] | 가락시장역[발달상권]	명칭 기반 대표상권 매칭이며 임대료 통계의 공간 경계와 정확히 같지 않을 수 있음
20221	가락시장			4169	4297	39	59	128	0.9076	1.3731	2.2807	2.9788	-0.2183	-0.3716	-0.0193	2	2	가락시장[발달상권] | 가락시장역[발달상권]	명칭 기반 대표상권 매칭이며 임대료 통계의 공간 경계와 정확히 같지 않을 수 있음
20222	가락시장			4165	4291	40	46	126	0.9322	1.0720	2.0042	2.9364	-0.6209	-0.8251	-0.0321	2	2	가락시장[발달상권] | 가락시장역[발달상권]	명칭 기반 대표상권 매칭이며 임대료 통계의 공간 경계와 정확히 같지 않을 수 있음
20223	가락시장			4143	4261	45	75	118	1.0561	1.7602	2.8162	2.7693	0.3684	0.0559	-0.1766	2	2	가락시장[발달상권] | 가락시장역[발달상권]	명칭 기반 대표상권 매칭이며 임대료 통계의 공간 경계와 정확히 같지 않을 수 있음
20224	가락시장			4173	4291	71	41	118	1.6546	0.9555	2.6101	2.7499	-0.1796	0.2010	-0.2846	2	2	가락시장[발달상권] | 가락시장역[발달상권]	명칭 기반 대표상권 매칭이며 임대료 통계의 공간 경계와 정확히 같지 않을 수 있음
20231	가락시장			4170	4285	60	66	115	1.4002	1.5403	2.9405	2.6838	0.1672	0.6598	-0.2950	2	2	가락시장[발달상권] | 가락시장역[발달상권]	명칭 기반 대표상권 매칭이며 임대료 통계의 공간 경계와 정확히 같지 않을 수 있음
20232	가락시장			4184	4300	70	55	116	1.6279	1.2791	2.9070	2.6977	0.2071	0.9028	-0.2387	2	2	가락시장[발달상권] | 가락시장역[발달상권]	명칭 기반 대표상권 매칭이며 임대료 통계의 공간 경계와 정확히 같지 않을 수 있음
20233	가락시장			4175	4294	46	52	119	1.0713	1.2110	2.2823	2.7713	-0.5492	-0.5340	0.0020	2	2	가락시장[발달상권] | 가락시장역[발달상권]	명칭 기반 대표상권 매칭이며 임대료 통계의 공간 경계와 정확히 같지 않을 수 있음
20234	가락시장			4167	4286	53	61	119	1.2366	1.4232	2.6598	2.7765	0.4678	0.0497	0.0265	2	2	가락시장[발달상권] | 가락시장역[발달상권]	명칭 기반 대표상권 매칭이며 임대료 통계의 공간 경계와 정확히 같지 않을 수 있음
20241	가락시장			4161	4277	44	53	116	1.0288	1.2392	2.2679	2.7122	-0.3011	-0.6725	0.0284	2	2	가락시장[발달상권] | 가락시장역[발달상권]	명칭 기반 대표상권 매칭이며 임대료 통계의 공간 경계와 정확히 같지 않을 수 있음
20242	가락시장			4141	4259	29	47	118	0.6809	1.1035	1.7845	2.7706	-0.1755	-1.1225	0.0729	2	2	가락시장[발달상권] | 가락시장역[발달상권]	명칭 기반 대표상권 매칭이며 임대료 통계의 공간 경계와 정확히 같지 않을 수 있음
20243	가락시장	31.3		4123	4247	45	57	124	1.0596	1.3421	2.4017	2.9197	0.1311	0.1194	0.1484	2	2	가락시장[발달상권] | 가락시장역[발달상권]	명칭 기반 대표상권 매칭이며 임대료 통계의 공간 경계와 정확히 같지 않을 수 있음
20244	가락시장	31.1		4112	4236	39	50	124	0.9207	1.1804	2.1010	2.9273	-0.2429	-0.5588	0.1508	2	2	가락시장[발달상권] | 가락시장역[발달상권]	명칭 기반 대표상권 매칭이며 임대료 통계의 공간 경계와 정확히 같지 않을 수 있음
20251	가락시장	30.9		4066	4189	35	78	123	0.8355	1.8620	2.6975	2.9363	0.6228	0.4296	0.2241	2	2	가락시장[발달상권] | 가락시장역[발달상권]	명칭 기반 대표상권 매칭이며 임대료 통계의 공간 경계와 정확히 같지 않을 수 있음
20252	가락시장	31.0		4040	4160	33	61	120	0.7933	1.4663	2.2596	2.8846	0.3628	0.4752	0.1140	2	2	가락시장[발달상권] | 가락시장역[발달상권]	명칭 기반 대표상권 매칭이며 임대료 통계의 공간 경계와 정확히 같지 않을 수 있음
20253	가락시장	31.0	-0.9585	4018	4133	32	57	115	0.7743	1.3791	2.1534	2.7825	0.0370	-0.2483	-0.1372	2	2	가락시장[발달상권] | 가락시장역[발달상권]	명칭 기반 대표상권 매칭이며 임대료 통계의 공간 경계와 정확히 같지 않을 수 있음
20254	가락시장	31.5	1.2862	3995	4107	16	38	112	0.3896	0.9252	1.3148	2.7271	-0.2551	-0.7862	-0.2002	2	2	가락시장[발달상권] | 가락시장역[발달상권]	명칭 기반 대표상권 매칭이며 임대료 통계의 공간 경계와 정확히 같지 않을 수 있음
20261	가락시장	31.6	2.2654													2	0	가락시장[발달상권] | 가락시장역[발달상권]	명칭 기반 대표상권 매칭이며 임대료 통계의 공간 경계와 정확히 같지 않을 수 있음
20211	건대입구			2051	2408	56	62	357	2.3256	2.5748	4.9003	14.8256				3	3	건대입구역(건대)[발달상권] | 건대입구역 1번[골목상권] | 건대입구역 6번[골목상권]	명칭 기반 대표상권 매칭이며 임대료 통계의 공간 경계와 정확히 같지 않을 수 있음
20212	건대입구			2039	2396	73	85	357	3.0467	3.5476	6.5943	14.8998				3	3	건대입구역(건대)[발달상권] | 건대입구역 1번[골목상권] | 건대입구역 6번[골목상권]	명칭 기반 대표상권 매칭이며 임대료 통계의 공간 경계와 정확히 같지 않을 수 있음
20213	건대입구			2050	2412	93	77	362	3.8557	3.1924	7.0481	15.0083				3	3	건대입구역(건대)[발달상권] | 건대입구역 1번[골목상권] | 건대입구역 6번[골목상권]	명칭 기반 대표상권 매칭이며 임대료 통계의 공간 경계와 정확히 같지 않을 수 있음
20214	건대입구			2088	2449	122	85	361	4.9816	3.4708	8.4524	14.7407				3	3	건대입구역(건대)[발달상권] | 건대입구역 1번[골목상권] | 건대입구역 6번[골목상권]	명칭 기반 대표상권 매칭이며 임대료 통계의 공간 경계와 정확히 같지 않을 수 있음
20221	건대입구			2098	2462	66	53	364	2.6807	2.1527	4.8335	14.7847	-0.4220	-0.0669	-0.0409	3	3	건대입구역(건대)[발달상권] | 건대입구역 1번[골목상권] | 건대입구역 6번[골목상권]	명칭 기반 대표상권 매칭이며 임대료 통계의 공간 경계와 정확히 같지 않을 수 있음
20222	건대입구			2131	2494	81	49	363	3.2478	1.9647	5.2125	14.5549	-1.5829	-1.3818	-0.3449	3	3	건대입구역(건대)[발달상권] | 건대입구역 1번[골목상권] | 건대입구역 6번[골목상권]	명칭 기반 대표상권 매칭이며 임대료 통계의 공간 경계와 정확히 같지 않을 수 있음
20223	건대입구			2120	2483	90	101	363	3.6246	4.0677	7.6923	14.6194	0.8753	0.6442	-0.3889	3	3	건대입구역(건대)[발달상권] | 건대입구역 1번[골목상권] | 건대입구역 6번[골목상권]	명칭 기반 대표상권 매칭이며 임대료 통계의 공간 경계와 정확히 같지 않을 수 있음
20224	건대입구			2150	2512	96	67	362	3.8217	2.6672	6.4889	14.4108	-0.8036	-1.9636	-0.3299	3	3	건대입구역(건대)[발달상권] | 건대입구역 1번[골목상권] | 건대입구역 6번[골목상권]	명칭 기반 대표상권 매칭이며 임대료 통계의 공간 경계와 정확히 같지 않을 수 있음
20231	건대입구			2155	2518	87	81	363	3.4551	3.2168	6.6720	14.4162	1.0641	1.8385	-0.3685	3	3	건대입구역(건대)[발달상권] | 건대입구역 1번[골목상권] | 건대입구역 6번[골목상권]	명칭 기반 대표상권 매칭이며 임대료 통계의 공간 경계와 정확히 같지 않을 수 있음
20232	건대입구			2178	2539	93	72	361	3.6629	2.8358	6.4986	14.2182	0.8710	1.2861	-0.3367	3	3	건대입구역(건대)[발달상권] | 건대입구역 1번[골목상권] | 건대입구역 6번[골목상권]	명칭 기반 대표상권 매칭이며 임대료 통계의 공간 경계와 정확히 같지 않을 수 있음
20233	건대입구			2186	2534	94	99	348	3.7096	3.9069	7.6164	13.7332	-0.1608	-0.0759	-0.8862	3	3	건대입구역(건대)[발달상권] | 건대입구역 1번[골목상권] | 건대입구역 6번[골목상권]	명칭 기반 대표상권 매칭이며 임대료 통계의 공간 경계와 정확히 같지 않을 수 있음
20234	건대입구			2195	2543	85	76	348	3.3425	2.9886	6.3311	13.6846	0.3214	-0.1577	-0.7262	3	3	건대입구역(건대)[발달상권] | 건대입구역 1번[골목상권] | 건대입구역 6번[골목상권]	명칭 기반 대표상권 매칭이며 임대료 통계의 공간 경계와 정확히 같지 않을 수 있음
20241	건대입구			2184	2525	83	101	341	3.2871	4.0000	7.2871	13.5050	0.7832	0.6152	-0.9113	3	3	건대입구역(건대)[발달상권] | 건대입구역 1번[골목상권] | 건대입구역 6번[골목상권]	명칭 기반 대표상권 매칭이며 임대료 통계의 공간 경계와 정확히 같지 않을 수 있음
20242	건대입구			2156	2494	71	102	338	2.8468	4.0898	6.9366	13.5525	1.2541	0.4380	-0.6657	3	3	건대입구역(건대)[발달상권] | 건대입구역 1번[골목상권] | 건대입구역 6번[골목상권]	명칭 기반 대표상권 매칭이며 임대료 통계의 공간 경계와 정확히 같지 않을 수 있음
20243	건대입구	50.4		2144	2473	67	88	329	2.7093	3.5584	6.2677	13.3037	-0.3484	-1.3487	-0.4295	3	3	건대입구역(건대)[발달상권] | 건대입구역 1번[골목상권] | 건대입구역 6번[골목상권]	명칭 기반 대표상권 매칭이며 임대료 통계의 공간 경계와 정확히 같지 않을 수 있음
20244	건대입구	50.4		2129	2460	62	74	331	2.5203	3.0081	5.5285	13.4553	0.0195	-0.8026	-0.2293	3	3	건대입구역(건대)[발달상권] | 건대입구역 1번[골목상권] | 건대입구역 6번[골목상권]	명칭 기반 대표상권 매칭이며 임대료 통계의 공간 경계와 정확히 같지 않을 수 있음
20251	건대입구	50.4		2101	2426	42	78	325	1.7312	3.2152	4.9464	13.3965	-0.7848	-2.3407	-0.1084	3	3	건대입구역(건대)[발달상권] | 건대입구역 1번[골목상권] | 건대입구역 6번[골목상권]	명칭 기반 대표상권 매칭이며 임대료 통계의 공간 경계와 정확히 같지 않을 수 있음
20252	건대입구	50.3		2089	2408	65	84	319	2.6993	3.4884	6.1877	13.2475	-0.6014	-0.7489	-0.3050	3	3	건대입구역(건대)[발달상권] | 건대입구역 1번[골목상권] | 건대입구역 6번[골목상권]	명칭 기반 대표상권 매칭이며 임대료 통계의 공간 경계와 정확히 같지 않을 수 있음
20253	건대입구	50.3	-0.1984	2077	2387	75	94	310	3.1420	3.9380	7.0800	12.9870	0.3796	0.8123	-0.3167	3	3	건대입구역(건대)[발달상권] | 건대입구역 1번[골목상권] | 건대입구역 6번[골목상권]	명칭 기반 대표상권 매칭이며 임대료 통계의 공간 경계와 정확히 같지 않을 수 있음
20254	건대입구	50.3	-0.1984	2080	2384	72	74	304	3.0201	3.1040	6.1242	12.7517	0.0959	0.5957	-0.7036	3	3	건대입구역(건대)[발달상권] | 건대입구역 1번[골목상권] | 건대입구역 6번[골목상권]	명칭 기반 대표상권 매칭이며 임대료 통계의 공간 경계와 정확히 같지 않을 수 있음
20261	건대입구	51.4	1.9841													3	0	건대입구역(건대)[발달상권] | 건대입구역 1번[골목상권] | 건대입구역 6번[골목상권]	명칭 기반 대표상권 매칭이며 임대료 통계의 공간 경계와 정확히 같지 않을 수 있음
20211	경희대			625	744	24	24	119	3.2258	3.2258	6.4516	15.9946				3	3	경희대학교(경희대)[발달상권] | 경희대삼거리[골목상권] | 경희대후문[골목상권]	명칭 기반 대표상권 매칭이며 임대료 통계의 공간 경계와 정확히 같지 않을 수 있음
20212	경희대			615	736	21	29	121	2.8533	3.9402	6.7935	16.4402				3	3	경희대학교(경희대)[발달상권] | 경희대삼거리[골목상권] | 경희대후문[골목상권]	명칭 기반 대표상권 매칭이며 임대료 통계의 공간 경계와 정확히 같지 않을 수 있음
20213	경희대			617	739	28	25	122	3.7889	3.3829	7.1719	16.5088				3	3	경희대학교(경희대)[발달상권] | 경희대삼거리[골목상권] | 경희대후문[골목상권]	명칭 기반 대표상권 매칭이며 임대료 통계의 공간 경계와 정확히 같지 않을 수 있음
20214	경희대			626	751	26	14	125	3.4621	1.8642	5.3262	16.6445				3	3	경희대학교(경희대)[발달상권] | 경희대삼거리[골목상권] | 경희대후문[골목상권]	명칭 기반 대표상권 매칭이며 임대료 통계의 공간 경계와 정확히 같지 않을 수 있음
20221	경희대			635	761	19	9	126	2.4967	1.1827	3.6794	16.5572	-2.0432	-2.7722	0.5625	3	3	경희대학교(경희대)[발달상권] | 경희대삼거리[골목상권] | 경희대후문[골목상권]	명칭 기반 대표상권 매칭이며 임대료 통계의 공간 경계와 정확히 같지 않을 수 있음
20222	경희대			643	771	35	25	128	4.5396	3.2425	7.7821	16.6018	-0.6977	0.9886	0.1616	3	3	경희대학교(경희대)[발달상권] | 경희대삼거리[골목상권] | 경희대후문[골목상권]	명칭 기반 대표상권 매칭이며 임대료 통계의 공간 경계와 정확히 같지 않을 수 있음
20223	경희대			643	773	25	23	130	3.2342	2.9754	6.2096	16.8176	-0.4075	-0.9623	0.3088	3	3	경희대학교(경희대)[발달상권] | 경희대삼거리[골목상권] | 경희대후문[골목상권]	명칭 기반 대표상권 매칭이며 임대료 통계의 공간 경계와 정확히 같지 않을 수 있음
20224	경희대			651	785	42	30	134	5.3503	3.8217	9.1720	17.0701	1.9575	3.8457	0.4256	3	3	경희대학교(경희대)[발달상권] | 경희대삼거리[골목상권] | 경희대후문[골목상권]	명칭 기반 대표상권 매칭이며 임대료 통계의 공간 경계와 정확히 같지 않을 수 있음
20231	경희대			655	789	31	27	134	3.9290	3.4221	7.3511	16.9835	2.2394	3.6717	0.4264	3	3	경희대학교(경희대)[발달상권] | 경희대삼거리[골목상권] | 경희대후문[골목상권]	명칭 기반 대표상권 매칭이며 임대료 통계의 공간 경계와 정확히 같지 않을 수 있음
20232	경희대			668	802	37	24	134	4.6135	2.9925	7.6060	16.7082	-0.2500	-0.1761	0.1064	3	3	경희대학교(경희대)[발달상권] | 경희대삼거리[골목상권] | 경희대후문[골목상권]	명칭 기반 대표상권 매칭이며 임대료 통계의 공간 경계와 정확히 같지 않을 수 있음
20233	경희대			664	799	20	23	135	2.5031	2.8786	5.3817	16.8961	-0.0968	-0.8278	0.0785	3	3	경희대학교(경희대)[발달상권] | 경희대삼거리[골목상권] | 경희대후문[골목상권]	명칭 기반 대표상권 매칭이며 임대료 통계의 공간 경계와 정확히 같지 않을 수 있음
20234	경희대			673	811	35	23	138	4.3157	2.8360	7.1517	17.0160	-0.9857	-2.0203	-0.0540	3	3	경희대학교(경희대)[발달상권] | 경희대삼거리[골목상권] | 경희대후문[골목상권]	명칭 기반 대표상권 매칭이며 임대료 통계의 공간 경계와 정확히 같지 않을 수 있음
20241	경희대			683	817	34	28	134	4.1616	3.4272	7.5887	16.4015	0.0051	0.2377	-0.5821	3	3	경희대학교(경희대)[발달상권] | 경희대삼거리[골목상권] | 경희대후문[골목상권]	명칭 기반 대표상권 매칭이며 임대료 통계의 공간 경계와 정확히 같지 않을 수 있음
20242	경희대			684	817	31	31	133	3.7944	3.7944	7.5887	16.2791	0.8019	-0.0172	-0.4292	3	3	경희대학교(경희대)[발달상권] | 경희대삼거리[골목상권] | 경희대후문[골목상권]	명칭 기반 대표상권 매칭이며 임대료 통계의 공간 경계와 정확히 같지 않을 수 있음
20243	경희대	47.5		681	809	23	31	128	2.8430	3.8319	6.6749	15.8220	0.9533	1.2932	-1.0741	3	3	경희대학교(경희대)[발달상권] | 경희대삼거리[골목상권] | 경희대후문[골목상권]	명칭 기반 대표상권 매칭이며 임대료 통계의 공간 경계와 정확히 같지 않을 수 있음
20244	경희대	47.4		678	802	17	24	124	2.1197	2.9925	5.1122	15.4613	0.1565	-2.0394	-1.5547	3	3	경희대학교(경희대)[발달상권] | 경희대삼거리[골목상권] | 경희대후문[골목상권]	명칭 기반 대표상권 매칭이며 임대료 통계의 공간 경계와 정확히 같지 않을 수 있음
20251	경희대	47.3		665	788	23	34	123	2.9188	4.3147	7.2335	15.6091	0.8875	-0.3552	-0.7923	3	3	경희대학교(경희대)[발달상권] | 경희대삼거리[골목상권] | 경희대후문[골목상권]	명칭 기반 대표상권 매칭이며 임대료 통계의 공간 경계와 정확히 같지 않을 수 있음
20252	경희대	47.4		667	788	23	23	121	2.9188	2.9188	5.8376	15.3553	-0.8756	-1.7512	-0.9237	3	3	경희대학교(경희대)[발달상권] | 경희대삼거리[골목상권] | 경희대후문[골목상권]	명칭 기반 대표상권 매칭이며 임대료 통계의 공간 경계와 정확히 같지 않을 수 있음
20253	경희대	47.4	-0.2105	663	782	28	35	119	3.5806	4.4757	8.0563	15.2174	0.6438	1.3814	-0.6046	3	3	경희대학교(경희대)[발달상권] | 경희대삼거리[골목상권] | 경희대후문[골목상권]	명칭 기반 대표상권 매칭이며 임대료 통계의 공간 경계와 정확히 같지 않을 수 있음
20254	경희대	49.3	4.0084	660	778	18	22	118	2.3136	2.8278	5.1414	15.1671	-0.1648	0.0292	-0.2943	3	3	경희대학교(경희대)[발달상권] | 경희대삼거리[골목상권] | 경희대후문[골목상권]	명칭 기반 대표상권 매칭이며 임대료 통계의 공간 경계와 정확히 같지 않을 수 있음
20261	경희대	50.4	6.5539													3	0	경희대학교(경희대)[발달상권] | 경희대삼거리[골목상권] | 경희대후문[골목상권]	명칭 기반 대표상권 매칭이며 임대료 통계의 공간 경계와 정확히 같지 않을 수 있음
20211	군자			1050	1170	44	27	120	3.7607	2.3077	6.0684	10.2564				1	1	군자역[발달상권]	명칭 기반 대표상권 매칭이며 임대료 통계의 공간 경계와 정확히 같지 않을 수 있음
20212	군자			1059	1184	44	30	125	3.7162	2.5338	6.2500	10.5574				1	1	군자역[발달상권]	명칭 기반 대표상권 매칭이며 임대료 통계의 공간 경계와 정확히 같지 않을 수 있음
20213	군자			1067	1194	38	28	127	3.1826	2.3451	5.5276	10.6365				1	1	군자역[발달상권]	명칭 기반 대표상권 매칭이며 임대료 통계의 공간 경계와 정확히 같지 않을 수 있음
20214	군자			1087	1217	49	26	130	4.0263	2.1364	6.1627	10.6820				1	1	군자역[발달상권]	명칭 기반 대표상권 매칭이며 임대료 통계의 공간 경계와 정확히 같지 않을 수 있음
20221	군자			1090	1218	29	28	128	2.3810	2.2989	4.6798	10.5090	-0.0088	-1.3886	0.2526	1	1	군자역[발달상권]	명칭 기반 대표상권 매칭이며 임대료 통계의 공간 경계와 정확히 같지 않을 수 있음
20222	군자			1101	1233	39	24	132	3.1630	1.9465	5.1095	10.7056	-0.5873	-1.1405	0.1482	1	1	군자역[발달상권]	명칭 기반 대표상권 매칭이며 임대료 통계의 공간 경계와 정확히 같지 않을 수 있음
20223	군자			1109	1241	45	37	132	3.6261	2.9815	6.6076	10.6366	0.6364	1.0799	0.0001	1	1	군자역[발달상권]	명칭 기반 대표상권 매칭이며 임대료 통계의 공간 경계와 정확히 같지 않을 수 있음
20224	군자			1136	1269	51	23	133	4.0189	1.8125	5.8314	10.4807	-0.3240	-0.3313	-0.2013	1	1	군자역[발달상권]	명칭 기반 대표상권 매칭이며 임대료 통계의 공간 경계와 정확히 같지 않을 수 있음
20231	군자			1136	1268	42	43	132	3.3123	3.3912	6.7035	10.4101	1.0923	2.0237	-0.0989	1	1	군자역[발달상권]	명칭 기반 대표상권 매칭이며 임대료 통계의 공간 경계와 정확히 같지 않을 수 있음
20232	군자			1145	1278	40	30	133	3.1299	2.3474	5.4773	10.4069	0.4009	0.3678	-0.2987	1	1	군자역[발달상권]	명칭 기반 대표상권 매칭이며 임대료 통계의 공간 경계와 정확히 같지 않을 수 있음
20233	군자			1136	1267	33	44	131	2.6046	3.4728	6.0773	10.3394	0.4913	-0.5302	-0.2972	1	1	군자역[발달상권]	명칭 기반 대표상권 매칭이며 임대료 통계의 공간 경계와 정확히 같지 않을 수 있음
20234	군자			1125	1256	35	46	131	2.7866	3.6624	6.4490	10.4299	1.8500	0.6177	-0.0508	1	1	군자역[발달상권]	명칭 기반 대표상권 매칭이며 임대료 통계의 공간 경계와 정확히 같지 않을 수 있음
20241	군자			1142	1267	48	37	125	3.7885	2.9203	6.7088	9.8658	-0.4709	0.0053	-0.5443	1	1	군자역[발달상권]	명칭 기반 대표상권 매칭이며 임대료 통계의 공간 경계와 정확히 같지 않을 수 있음
20242	군자			1143	1269	31	29	126	2.4429	2.2853	4.7281	9.9291	-0.0622	-0.7492	-0.4778	1	1	군자역[발달상권]	명칭 기반 대표상권 매칭이며 임대료 통계의 공간 경계와 정확히 같지 않을 수 있음
20243	군자	35.1		1139	1270	37	36	131	2.9134	2.8346	5.7480	10.3150	-0.6381	-0.3293	-0.0244	1	1	군자역[발달상권]	명칭 기반 대표상권 매칭이며 임대료 통계의 공간 경계와 정확히 같지 않을 수 있음
20244	군자	35.2		1138	1266	25	30	128	1.9747	2.3697	4.3444	10.1106	-1.2928	-2.1047	-0.3194	1	1	군자역[발달상권]	명칭 기반 대표상권 매칭이며 임대료 통계의 공간 경계와 정확히 같지 않을 수 있음
20251	군자	35.2		1129	1259	23	30	130	1.8268	2.3828	4.2097	10.3257	-0.5374	-2.4991	0.4598	1	1	군자역[발달상권]	명칭 기반 대표상권 매칭이며 임대료 통계의 공간 경계와 정확히 같지 않을 수 있음
20252	군자	35.2		1127	1256	37	37	129	2.9459	2.9459	5.8917	10.2707	0.6606	1.1636	0.3416	1	1	군자역[발달상권]	명칭 기반 대표상권 매칭이며 임대료 통계의 공간 경계와 정확히 같지 않을 수 있음
20253	군자	35.2	0.2849	1130	1254	42	42	124	3.3493	3.3493	6.6986	9.8884	0.5146	0.9505	-0.4266	1	1	군자역[발달상권]	명칭 기반 대표상권 매칭이며 임대료 통계의 공간 경계와 정확히 같지 않을 수 있음
20254	군자	36.5	3.6932	1117	1237	30	49	120	2.4252	3.9612	6.3864	9.7009	1.5915	2.0420	-0.4097	1	1	군자역[발달상권]	명칭 기반 대표상권 매칭이며 임대료 통계의 공간 경계와 정확히 같지 않을 수 있음
20261	군자	36.5	3.6932													1	0	군자역[발달상권]	명칭 기반 대표상권 매칭이며 임대료 통계의 공간 경계와 정확히 같지 않을 수 있음
20211	까치산역			406	465	15	19	59	3.2258	4.0860	7.3118	12.6882				1	1	까치산역[발달상권]	명칭 기반 대표상권 매칭이며 임대료 통계의 공간 경계와 정확히 같지 않을 수 있음
20212	까치산역			405	464	15	16	59	3.2328	3.4483	6.6810	12.7155				1	1	까치산역[발달상권]	명칭 기반 대표상권 매칭이며 임대료 통계의 공간 경계와 정확히 같지 않을 수 있음
20213	까치산역			409	470	11	5	61	2.3404	1.0638	3.4043	12.9787				1	1	까치산역[발달상권]	명칭 기반 대표상권 매칭이며 임대료 통계의 공간 경계와 정확히 같지 않을 수 있음
20214	까치산역			416	481	18	7	65	3.7422	1.4553	5.1975	13.5135				1	1	까치산역[발달상권]	명칭 기반 대표상권 매칭이며 임대료 통계의 공간 경계와 정확히 같지 않을 수 있음
20221	까치산역			421	485	16	12	64	3.2990	2.4742	5.7732	13.1959	-1.6118	-1.5386	0.5077	1	1	까치산역[발달상권]	명칭 기반 대표상권 매칭이며 임대료 통계의 공간 경계와 정확히 같지 않을 수 있음
20222	까치산역			427	492	15	8	65	3.0488	1.6260	4.6748	13.2114	-1.8223	-2.0062	0.4959	1	1	까치산역[발달상권]	명칭 기반 대표상권 매칭이며 임대료 통계의 공간 경계와 정확히 같지 않을 수 있음
20223	까치산역			418	485	15	22	67	3.0928	4.5361	7.6289	13.8144	3.4723	4.2246	0.8357	1	1	까치산역[발달상권]	명칭 기반 대표상권 매칭이며 임대료 통계의 공간 경계와 정확히 같지 않을 수 있음
20224	까치산역			429	502	37	20	73	7.3705	3.9841	11.3546	14.5418	2.5288	6.1571	1.0283	1	1	까치산역[발달상권]	명칭 기반 대표상권 매칭이며 임대료 통계의 공간 경계와 정확히 같지 않을 수 있음
20231	까치산역			424	496	10	16	72	2.0161	3.2258	5.2419	14.5161	0.7516	-0.5313	1.3203	1	1	까치산역[발달상권]	명칭 기반 대표상권 매칭이며 임대료 통계의 공간 경계와 정확히 같지 않을 수 있음
20232	까치산역			429	503	23	16	74	4.5726	3.1809	7.7535	14.7117	1.5549	3.0787	1.5003	1	1	까치산역[발달상권]	명칭 기반 대표상권 매칭이며 임대료 통계의 공간 경계와 정확히 같지 않을 수 있음
20233	까치산역			423	494	15	24	71	3.0364	4.8583	7.8947	14.3725	0.3222	0.2659	0.5580	1	1	까치산역[발달상권]	명칭 기반 대표상권 매칭이며 임대료 통계의 공간 경계와 정확히 같지 않을 수 있음
20234	까치산역			422	494	25	25	72	5.0607	5.0607	10.1215	14.5749	1.0767	-1.2331	0.0331	1	1	까치산역[발달상권]	명칭 기반 대표상권 매칭이며 임대료 통계의 공간 경계와 정확히 같지 않을 수 있음
20241	까치산역			431	502	21	13	71	4.1833	2.5896	6.7729	14.1434	-0.6362	1.5310	-0.3727	1	1	까치산역[발달상권]	명칭 기반 대표상권 매칭이며 임대료 통계의 공간 경계와 정확히 같지 않을 수 있음
20242	까치산역			430	499	16	19	69	3.2064	3.8076	7.0140	13.8277	0.6267	-0.7395	-0.8841	1	1	까치산역[발달상권]	명칭 기반 대표상권 매칭이며 임대료 통계의 공간 경계와 정확히 같지 않을 수 있음
20243	까치산역	30.6		427	492	16	23	65	3.2520	4.6748	7.9268	13.2114	-0.1835	0.0321	-1.1611	1	1	까치산역[발달상권]	명칭 기반 대표상권 매칭이며 임대료 통계의 공간 경계와 정확히 같지 않을 수 있음
20244	까치산역	30.5		419	487	19	24	68	3.9014	4.9281	8.8296	13.9630	-0.1326	-1.2919	-0.6119	1	1	까치산역[발달상권]	명칭 기반 대표상권 매칭이며 임대료 통계의 공간 경계와 정확히 같지 않을 수 있음
20251	까치산역	30.4		410	480	13	20	70	2.7083	4.1667	6.8750	14.5833	1.5770	0.1021	0.4399	1	1	까치산역[발달상권]	명칭 기반 대표상권 매칭이며 임대료 통계의 공간 경계와 정확히 같지 않을 수 있음
20252	까치산역	30.4		407	482	22	20	75	4.5643	4.1494	8.7137	15.5602	0.3418	1.6997	1.7325	1	1	까치산역[발달상권]	명칭 기반 대표상권 매칭이며 임대료 통계의 공간 경계와 정확히 같지 않을 수 있음
20253	까치산역	30.4	-0.6536	405	475	13	18	70	2.7368	3.7895	6.5263	14.7368	-0.8853	-1.4005	1.5255	1	1	까치산역[발달상권]	명칭 기반 대표상권 매칭이며 임대료 통계의 공간 경계와 정확히 같지 않을 수 있음
20254	까치산역	31.9	4.5902	397	466	5	14	69	1.0730	3.0043	4.0773	14.8069	-1.9238	-4.7523	0.8438	1	1	까치산역[발달상권]	명칭 기반 대표상권 매칭이며 임대료 통계의 공간 경계와 정확히 같지 않을 수 있음
20261	까치산역	31.8	4.6053													1	0	까치산역[발달상권]	명칭 기반 대표상권 매칭이며 임대료 통계의 공간 경계와 정확히 같지 않을 수 있음
20211	노량진			2127	2296	31	48	169	1.3502	2.0906	3.4408	7.3606				2	2	노량진역(노량진)[발달상권] | 노량진역 6번[골목상권]	명칭 기반 대표상권 매칭이며 임대료 통계의 공간 경계와 정확히 같지 않을 수 있음
20212	노량진			2112	2278	40	58	166	1.7559	2.5461	4.3020	7.2871				2	2	노량진역(노량진)[발달상권] | 노량진역 6번[골목상권]	명칭 기반 대표상권 매칭이며 임대료 통계의 공간 경계와 정확히 같지 않을 수 있음
20213	노량진			2098	2262	34	50	164	1.5031	2.2104	3.7135	7.2502				2	2	노량진역(노량진)[발달상권] | 노량진역 6번[골목상권]	명칭 기반 대표상권 매칭이며 임대료 통계의 공간 경계와 정확히 같지 않을 수 있음
20214	노량진			2088	2249	36	49	161	1.6007	2.1787	3.7795	7.1587				2	2	노량진역(노량진)[발달상권] | 노량진역 6번[골목상권]	명칭 기반 대표상권 매칭이며 임대료 통계의 공간 경계와 정확히 같지 않을 수 있음
20221	노량진			2081	2243	34	40	162	1.5158	1.7833	3.2992	7.2225	-0.3073	-0.1416	-0.1382	2	2	노량진역(노량진)[발달상권] | 노량진역 6번[골목상권]	명칭 기반 대표상권 매칭이며 임대료 통계의 공간 경계와 정확히 같지 않을 수 있음
20222	노량진			2087	2255	41	29	168	1.8182	1.2860	3.1042	7.4501	-1.2601	-1.1978	0.1630	2	2	노량진역(노량진)[발달상권] | 노량진역 6번[골목상권]	명칭 기반 대표상권 매칭이며 임대료 통계의 공간 경계와 정확히 같지 않을 수 있음
20223	노량진			2074	2234	31	52	160	1.3876	2.3277	3.7153	7.1620	0.1172	0.0018	-0.0882	2	2	노량진역(노량진)[발달상권] | 노량진역 6번[골목상권]	명칭 기반 대표상권 매칭이며 임대료 통계의 공간 경계와 정확히 같지 않을 수 있음
20224	노량진			2092	2256	61	39	164	2.7039	1.7287	4.4326	7.2695	-0.4500	0.6532	0.1108	2	2	노량진역(노량진)[발달상권] | 노량진역 6번[골목상권]	명칭 기반 대표상권 매칭이며 임대료 통계의 공간 경계와 정확히 같지 않을 수 있음
20231	노량진			2076	2239	54	71	163	2.4118	3.1711	5.5828	7.2800	1.3877	2.2837	0.0576	2	2	노량진역(노량진)[발달상권] | 노량진역 6번[골목상권]	명칭 기반 대표상권 매칭이며 임대료 통계의 공간 경계와 정확히 같지 않을 수 있음
20232	노량진			2064	2226	42	55	162	1.8868	2.4708	4.3576	7.2776	1.1848	1.2534	-0.1725	2	2	노량진역(노량진)[발달상권] | 노량진역 6번[골목상권]	명칭 기반 대표상권 매칭이며 임대료 통계의 공간 경계와 정확히 같지 않을 수 있음
20233	노량진			2069	2233	55	48	164	2.4631	2.1496	4.6126	7.3444	-0.1781	0.8973	0.1823	2	2	노량진역(노량진)[발달상권] | 노량진역 6번[골목상권]	명칭 기반 대표상권 매칭이며 임대료 통계의 공간 경계와 정확히 같지 않을 수 있음
20234	노량진			2068	2238	47	42	170	2.1001	1.8767	3.9768	7.5961	0.1480	-0.4559	0.3266	2	2	노량진역(노량진)[발달상권] | 노량진역 6번[골목상권]	명칭 기반 대표상권 매칭이며 임대료 통계의 공간 경계와 정확히 같지 않을 수 있음
20241	노량진			2053	2227	38	49	174	1.7063	2.2003	3.9066	7.8132	-0.9708	-1.6762	0.5332	2	2	노량진역(노량진)[발달상권] | 노량진역 6번[골목상권]	명칭 기반 대표상권 매칭이며 임대료 통계의 공간 경계와 정확히 같지 않을 수 있음
20242	노량진			2025	2192	35	70	167	1.5967	3.1934	4.7901	7.6186	0.7226	0.4326	0.3410	2	2	노량진역(노량진)[발달상권] | 노량진역 6번[골목상권]	명칭 기반 대표상권 매칭이며 임대료 통계의 공간 경계와 정확히 같지 않을 수 있음
20243	노량진	30.7		1994	2157	75	110	163	3.4771	5.0997	8.5767	7.5568	2.9501	3.9641	0.2124	2	2	노량진역(노량진)[발달상권] | 노량진역 6번[골목상권]	명칭 기반 대표상권 매칭이며 임대료 통계의 공간 경계와 정확히 같지 않을 수 있음
20244	노량진	30.6		1973	2138	43	62	165	2.0112	2.8999	4.9111	7.7175	1.0232	0.9344	0.1214	2	2	노량진역(노량진)[발달상권] | 노량진역 6번[골목상권]	명칭 기반 대표상권 매칭이며 임대료 통계의 공간 경계와 정확히 같지 않을 수 있음
20251	노량진	30.4		1922	2084	26	78	162	1.2476	3.7428	4.9904	7.7735	1.5425	1.0838	-0.0397	2	2	노량진역(노량진)[발달상권] | 노량진역 6번[골목상권]	명칭 기반 대표상권 매칭이며 임대료 통계의 공간 경계와 정확히 같지 않을 수 있음
20252	노량진	30.2		1909	2071	31	42	162	1.4969	2.0280	3.5249	7.8223	-1.1654	-1.2653	0.2037	2	2	노량진역(노량진)[발달상권] | 노량진역 6번[골목상권]	명칭 기반 대표상권 매칭이며 임대료 통계의 공간 경계와 정확히 같지 않을 수 있음
20253	노량진	30.2	-1.6287	1892	2055	25	39	163	1.2165	1.8978	3.1144	7.9319	-3.2019	-5.4624	0.3751	2	2	노량진역(노량진)[발달상권] | 노량진역 6번[골목상권]	명칭 기반 대표상권 매칭이며 임대료 통계의 공간 경계와 정확히 같지 않을 수 있음
20254	노량진	30.3	-0.9804	1867	2024	33	64	157	1.6304	3.1621	4.7925	7.7569	0.2621	-0.1186	0.0394	2	2	노량진역(노량진)[발달상권] | 노량진역 6번[골목상권]	명칭 기반 대표상권 매칭이며 임대료 통계의 공간 경계와 정확히 같지 않을 수 있음
20261	노량진	30.3	-0.3289													2	0	노량진역(노량진)[발달상권] | 노량진역 6번[골목상권]	명칭 기반 대표상권 매칭이며 임대료 통계의 공간 경계와 정확히 같지 않을 수 있음
20211	독산/시흥			1542	1768	48	42	226	2.7149	2.3756	5.0905	12.7828				4	4	독산역 1번 출입구[골목상권] | 독산동[발달상권] | 시흥동 은행나무사거리[골목상권] | 서울시흥동우체국(홈플러스시흥점)[발달상권]	명칭 기반 대표상권 매칭이며 임대료 통계의 공간 경계와 정확히 같지 않을 수 있음
20212	독산/시흥			1540	1769	56	55	229	3.1656	3.1091	6.2747	12.9452				4	4	독산역 1번 출입구[골목상권] | 독산동[발달상권] | 시흥동 은행나무사거리[골목상권] | 서울시흥동우체국(홈플러스시흥점)[발달상권]	명칭 기반 대표상권 매칭이며 임대료 통계의 공간 경계와 정확히 같지 않을 수 있음
20213	독산/시흥			1551	1785	52	36	234	2.9132	2.0168	4.9300	13.1092				4	4	독산역 1번 출입구[골목상권] | 독산동[발달상권] | 시흥동 은행나무사거리[골목상권] | 서울시흥동우체국(홈플러스시흥점)[발달상권]	명칭 기반 대표상권 매칭이며 임대료 통계의 공간 경계와 정확히 같지 않을 수 있음
20214	독산/시흥			1547	1791	57	51	244	3.1826	2.8476	6.0302	13.6237				4	4	독산역 1번 출입구[골목상권] | 독산동[발달상권] | 시흥동 은행나무사거리[골목상권] | 서울시흥동우체국(홈플러스시흥점)[발달상권]	명칭 기반 대표상권 매칭이며 임대료 통계의 공간 경계와 정확히 같지 않을 수 있음
20221	독산/시흥			1560	1802	45	34	242	2.4972	1.8868	4.3840	13.4295	-0.4888	-0.7065	0.6467	4	4	독산역 1번 출입구[골목상권] | 독산동[발달상권] | 시흥동 은행나무사거리[골목상권] | 서울시흥동우체국(홈플러스시흥점)[발달상권]	명칭 기반 대표상권 매칭이며 임대료 통계의 공간 경계와 정확히 같지 않을 수 있음
20222	독산/시흥			1563	1803	39	38	240	2.1631	2.1076	4.2707	13.3111	-1.0015	-2.0041	0.3660	4	4	독산역 1번 출입구[골목상권] | 독산동[발달상권] | 시흥동 은행나무사거리[골목상권] | 서울시흥동우체국(홈플러스시흥점)[발달상권]	명칭 기반 대표상권 매칭이며 임대료 통계의 공간 경계와 정확히 같지 않을 수 있음
20223	독산/시흥			1568	1810	54	47	242	2.9834	2.5967	5.5801	13.3702	0.5799	0.6501	0.2609	4	4	독산역 1번 출입구[골목상권] | 독산동[발달상권] | 시흥동 은행나무사거리[골목상권] | 서울시흥동우체국(홈플러스시흥점)[발달상권]	명칭 기반 대표상권 매칭이며 임대료 통계의 공간 경계와 정확히 같지 않을 수 있음
20224	독산/시흥			1588	1827	79	62	239	4.3240	3.3935	7.7176	13.0816	0.5460	1.6874	-0.5421	4	4	독산역 1번 출입구[골목상권] | 독산동[발달상권] | 시흥동 은행나무사거리[골목상권] | 서울시흥동우체국(홈플러스시흥점)[발달상권]	명칭 기반 대표상권 매칭이며 임대료 통계의 공간 경계와 정확히 같지 않을 수 있음
20231	독산/시흥			1589	1830	62	59	241	3.3880	3.2240	6.6120	13.1694	1.3373	2.2280	-0.2601	4	4	독산역 1번 출입구[골목상권] | 독산동[발달상권] | 시흥동 은행나무사거리[골목상권] | 서울시흥동우체국(홈플러스시흥점)[발달상권]	명칭 기반 대표상권 매칭이며 임대료 통계의 공간 경계와 정확히 같지 않을 수 있음
20232	독산/시흥			1591	1833	50	47	242	2.7278	2.5641	5.2919	13.2024	0.4565	1.0212	-0.1087	4	4	독산역 1번 출입구[골목상권] | 독산동[발달상권] | 시흥동 은행나무사거리[골목상권] | 서울시흥동우체국(홈플러스시흥점)[발달상권]	명칭 기반 대표상권 매칭이며 임대료 통계의 공간 경계와 정확히 같지 않을 수 있음
20233	독산/시흥			1589	1829	47	51	240	2.5697	2.7884	5.3581	13.1219	0.1917	-0.2220	-0.2482	4	4	독산역 1번 출입구[골목상권] | 독산동[발달상권] | 시흥동 은행나무사거리[골목상권] | 서울시흥동우체국(홈플러스시흥점)[발달상권]	명칭 기반 대표상권 매칭이며 임대료 통계의 공간 경계와 정확히 같지 않을 수 있음
20234	독산/시흥			1588	1832	43	40	244	2.3472	2.1834	4.5306	13.3188	-1.2101	-3.1870	0.2372	4	4	독산역 1번 출입구[골목상권] | 독산동[발달상권] | 시흥동 은행나무사거리[골목상권] | 서울시흥동우체국(홈플러스시흥점)[발달상권]	명칭 기반 대표상권 매칭이며 임대료 통계의 공간 경계와 정확히 같지 않을 수 있음
20241	독산/시흥			1578	1820	42	54	242	2.3077	2.9670	5.2747	13.2967	-0.2570	-1.3373	0.1273	4	4	독산역 1번 출입구[골목상권] | 독산동[발달상권] | 시흥동 은행나무사거리[골목상권] | 서울시흥동우체국(홈플러스시흥점)[발달상권]	명칭 기반 대표상권 매칭이며 임대료 통계의 공간 경계와 정확히 같지 않을 수 있음
20242	독산/시흥			1577	1813	45	52	236	2.4821	2.8682	5.3502	13.0171	0.3041	0.0584	-0.1853	4	4	독산역 1번 출입구[골목상권] | 독산동[발달상권] | 시흥동 은행나무사거리[골목상권] | 서울시흥동우체국(홈플러스시흥점)[발달상권]	명칭 기반 대표상권 매칭이며 임대료 통계의 공간 경계와 정확히 같지 않을 수 있음
20243	독산/시흥	31.3		1556	1785	30	58	229	1.6807	3.2493	4.9300	12.8291	0.4609	-0.4281	-0.2928	4	4	독산역 1번 출입구[골목상권] | 독산동[발달상권] | 시흥동 은행나무사거리[골목상권] | 서울시흥동우체국(홈플러스시흥점)[발달상권]	명칭 기반 대표상권 매칭이며 임대료 통계의 공간 경계와 정확히 같지 않을 수 있음
20244	독산/시흥	31.3		1539	1770	29	43	231	1.6384	2.4294	4.0678	13.0508	0.2460	-0.4628	-0.2679	4	4	독산역 1번 출입구[골목상권] | 독산동[발달상권] | 시흥동 은행나무사거리[골목상권] | 서울시흥동우체국(홈플러스시흥점)[발달상권]	명칭 기반 대표상권 매칭이며 임대료 통계의 공간 경계와 정확히 같지 않을 수 있음
20251	독산/시흥	31.2		1527	1754	29	43	227	1.6534	2.4515	4.1049	12.9418	-0.5155	-1.1698	-0.3549	4	4	독산역 1번 출입구[골목상권] | 독산동[발달상권] | 시흥동 은행나무사거리[골목상권] | 서울시흥동우체국(홈플러스시흥점)[발달상권]	명칭 기반 대표상권 매칭이며 임대료 통계의 공간 경계와 정확히 같지 않을 수 있음
20252	독산/시흥	31.2		1525	1754	34	34	229	1.9384	1.9384	3.8769	13.0559	-0.9297	-1.4734	0.0388	4	4	독산역 1번 출입구[골목상권] | 독산동[발달상권] | 시흥동 은행나무사거리[골목상권] | 서울시흥동우체국(홈플러스시흥점)[발달상권]	명칭 기반 대표상권 매칭이며 임대료 통계의 공간 경계와 정확히 같지 않을 수 있음
20253	독산/시흥	31.3	0.0000	1515	1743	37	47	228	2.1228	2.6965	4.8193	13.0809	-0.5528	-0.1107	0.2518	4	4	독산역 1번 출입구[골목상권] | 독산동[발달상권] | 시흥동 은행나무사거리[골목상권] | 서울시흥동우체국(홈플러스시흥점)[발달상권]	명칭 기반 대표상권 매칭이며 임대료 통계의 공간 경계와 정확히 같지 않을 수 있음
20254	독산/시흥	31.4	0.3195	1520	1741	42	41	221	2.4124	2.3550	4.7674	12.6939	-0.0744	0.6996	-0.3570	4	4	독산역 1번 출입구[골목상권] | 독산동[발달상권] | 시흥동 은행나무사거리[골목상권] | 서울시흥동우체국(홈플러스시흥점)[발달상권]	명칭 기반 대표상권 매칭이며 임대료 통계의 공간 경계와 정확히 같지 않을 수 있음
20261	독산/시흥	31.4	0.6410													4	0	독산역 1번 출입구[골목상권] | 독산동[발달상권] | 시흥동 은행나무사거리[골목상권] | 서울시흥동우체국(홈플러스시흥점)[발달상권]	명칭 기반 대표상권 매칭이며 임대료 통계의 공간 경계와 정확히 같지 않을 수 있음
20211	뚝섬			860	937	35	26	77	3.7353	2.7748	6.5101	8.2177				2	2	뚝섬역[발달상권] | 뚝섬역교차로[골목상권]	명칭 기반 대표상권 매칭이며 임대료 통계의 공간 경계와 정확히 같지 않을 수 있음
20212	뚝섬			875	955	38	20	80	3.9791	2.0942	6.0733	8.3770				2	2	뚝섬역[발달상권] | 뚝섬역교차로[골목상권]	명칭 기반 대표상권 매칭이며 임대료 통계의 공간 경계와 정확히 같지 않을 수 있음
20213	뚝섬			892	973	40	22	81	4.1110	2.2610	6.3720	8.3248				2	2	뚝섬역[발달상권] | 뚝섬역교차로[골목상권]	명칭 기반 대표상권 매칭이며 임대료 통계의 공간 경계와 정확히 같지 않을 수 있음
20214	뚝섬			918	998	42	17	80	4.2084	1.7034	5.9118	8.0160				2	2	뚝섬역[발달상권] | 뚝섬역교차로[골목상권]	명칭 기반 대표상권 매칭이며 임대료 통계의 공간 경계와 정확히 같지 않을 수 있음
20221	뚝섬			927	1006	30	22	79	2.9821	2.1869	5.1690	7.8529	-0.5879	-1.3412	-0.3648	2	2	뚝섬역[발달상권] | 뚝섬역교차로[골목상권]	명칭 기반 대표상권 매칭이며 임대료 통계의 공간 경계와 정확히 같지 않을 수 있음
20222	뚝섬			943	1023	34	17	80	3.3236	1.6618	4.9853	7.8201	-0.4325	-1.0880	-0.5568	2	2	뚝섬역[발달상권] | 뚝섬역교차로[골목상권]	명칭 기반 대표상권 매칭이며 임대료 통계의 공간 경계와 정확히 같지 않을 수 있음
20223	뚝섬			950	1030	34	27	80	3.3010	2.6214	5.9223	7.7670	0.3603	-0.4497	-0.5578	2	2	뚝섬역[발달상권] | 뚝섬역교차로[골목상권]	명칭 기반 대표상권 매칭이며 임대료 통계의 공간 경계와 정확히 같지 않을 수 있음
20224	뚝섬			976	1055	48	23	79	4.5498	2.1801	6.7299	7.4882	0.4767	0.8180	-0.5279	2	2	뚝섬역[발달상권] | 뚝섬역교차로[골목상권]	명칭 기반 대표상권 매칭이며 임대료 통계의 공간 경계와 정확히 같지 않을 수 있음
20231	뚝섬			983	1065	41	31	82	3.8498	2.9108	6.7606	7.6995	0.7239	1.5916	-0.1534	2	2	뚝섬역[발달상권] | 뚝섬역교차로[골목상권]	명칭 기반 대표상권 매칭이며 임대료 통계의 공간 경계와 정확히 같지 않을 수 있음
20232	뚝섬			996	1079	38	24	83	3.5218	2.2243	5.7461	7.6923	0.5625	0.7607	-0.1278	2	2	뚝섬역[발달상권] | 뚝섬역교차로[골목상권]	명칭 기반 대표상권 매칭이며 임대료 통계의 공간 경계와 정확히 같지 않을 수 있음
20233	뚝섬			1001	1081	39	37	80	3.6078	3.4228	7.0305	7.4006	0.8014	1.1082	-0.3664	2	2	뚝섬역[발달상권] | 뚝섬역교차로[골목상권]	명칭 기반 대표상권 매칭이며 임대료 통계의 공간 경계와 정확히 같지 않을 수 있음
20234	뚝섬			1007	1091	38	28	84	3.4830	2.5665	6.0495	7.6994	0.3864	-0.6804	0.2112	2	2	뚝섬역[발달상권] | 뚝섬역교차로[골목상권]	명칭 기반 대표상권 매칭이며 임대료 통계의 공간 경계와 정확히 같지 않을 수 있음
20241	뚝섬			1020	1105	50	36	85	4.5249	3.2579	7.7828	7.6923	0.3471	1.0222	-0.0072	2	2	뚝섬역[발달상권] | 뚝섬역교차로[골목상권]	명칭 기반 대표상권 매칭이며 임대료 통계의 공간 경계와 정확히 같지 않을 수 있음
20242	뚝섬			1037	1126	52	31	89	4.6181	2.7531	7.3712	7.9041	0.5288	1.6252	0.2118	2	2	뚝섬역[발달상권] | 뚝섬역교차로[골목상권]	명칭 기반 대표상권 매칭이며 임대료 통계의 공간 경계와 정확히 같지 않을 수 있음
20243	뚝섬	56.8		1045	1133	32	25	88	2.8244	2.2065	5.0309	7.7670	-1.2162	-1.9996	0.3664	2	2	뚝섬역[발달상권] | 뚝섬역교차로[골목상권]	명칭 기반 대표상권 매칭이며 임대료 통계의 공간 경계와 정확히 같지 않을 수 있음
20244	뚝섬	58.1		1063	1151	50	34	88	4.3440	2.9540	7.2980	7.6455	0.3875	1.2485	-0.0538	2	2	뚝섬역[발달상권] | 뚝섬역교차로[골목상권]	명칭 기반 대표상권 매칭이며 임대료 통계의 공간 경계와 정확히 같지 않을 수 있음
20251	뚝섬	59.1		1051	1141	25	35	90	2.1911	3.0675	5.2585	7.8878	-0.1904	-2.5243	0.1955	2	2	뚝섬역[발달상권] | 뚝섬역교차로[골목상권]	명칭 기반 대표상권 매칭이며 임대료 통계의 공간 경계와 정확히 같지 않을 수 있음
20252	뚝섬	59.5		1052	1139	38	38	87	3.3363	3.3363	6.6725	7.6383	0.5832	-0.6987	-0.2658	2	2	뚝섬역[발달상권] | 뚝섬역교차로[골목상권]	명칭 기반 대표상권 매칭이며 임대료 통계의 공간 경계와 정확히 같지 않을 수 있음
20253	뚝섬	60.5	6.5141	1057	1145	31	25	88	2.7074	2.1834	4.8908	7.6856	-0.0231	-0.1401	-0.0814	2	2	뚝섬역[발달상권] | 뚝섬역교차로[골목상권]	명칭 기반 대표상권 매칭이며 임대료 통계의 공간 경계와 정확히 같지 않을 수 있음
20254	뚝섬	62.0	6.7126	1067	1152	31	23	85	2.6910	1.9965	4.6875	7.3785	-0.9574	-2.6105	-0.2671	2	2	뚝섬역[발달상권] | 뚝섬역교차로[골목상권]	명칭 기반 대표상권 매칭이며 임대료 통계의 공간 경계와 정확히 같지 않을 수 있음
20261	뚝섬	63.8	7.9526													2	0	뚝섬역[발달상권] | 뚝섬역교차로[골목상권]	명칭 기반 대표상권 매칭이며 임대료 통계의 공간 경계와 정확히 같지 않을 수 있음
20211	목동			3379	3806	129	100	427	3.3894	2.6274	6.0168	11.2191				5	5	목동로데오거리[골목상권] | 목동사거리[발달상권] | 목동신시가지[발달상권] | 목동역 5번[골목상권] | 목동역 8번출구[발달상권]	명칭 기반 대표상권 매칭이며 임대료 통계의 공간 경계와 정확히 같지 않을 수 있음
20212	목동			3405	3831	122	97	426	3.1845	2.5320	5.7165	11.1198				5	5	목동로데오거리[골목상권] | 목동사거리[발달상권] | 목동신시가지[발달상권] | 목동역 5번[골목상권] | 목동역 8번출구[발달상권]	명칭 기반 대표상권 매칭이며 임대료 통계의 공간 경계와 정확히 같지 않을 수 있음
20213	목동			3417	3845	102	88	428	2.6528	2.2887	4.9415	11.1313				5	5	목동로데오거리[골목상권] | 목동사거리[발달상권] | 목동신시가지[발달상권] | 목동역 5번[골목상권] | 목동역 8번출구[발달상권]	명칭 기반 대표상권 매칭이며 임대료 통계의 공간 경계와 정확히 같지 않을 수 있음
20214	목동			3509	3944	182	83	435	4.6146	2.1045	6.7191	11.0294				5	5	목동로데오거리[골목상권] | 목동사거리[발달상권] | 목동신시가지[발달상권] | 목동역 5번[골목상권] | 목동역 8번출구[발달상권]	명칭 기반 대표상권 매칭이며 임대료 통계의 공간 경계와 정확히 같지 않을 수 있음
20221	목동			3527	3966	112	90	439	2.8240	2.2693	5.0933	11.0691	-0.3581	-0.9235	-0.1500	5	5	목동로데오거리[골목상권] | 목동사거리[발달상권] | 목동신시가지[발달상권] | 목동역 5번[골목상권] | 목동역 8번출구[발달상권]	명칭 기반 대표상권 매칭이며 임대료 통계의 공간 경계와 정확히 같지 않을 수 있음
20222	목동			3556	3984	96	78	428	2.4096	1.9578	4.3675	10.7430	-0.5741	-1.3491	-0.3768	5	5	목동로데오거리[골목상권] | 목동사거리[발달상권] | 목동신시가지[발달상권] | 목동역 5번[골목상권] | 목동역 8번출구[발달상권]	명칭 기반 대표상권 매칭이며 임대료 통계의 공간 경계와 정확히 같지 않을 수 있음
20223	목동			3561	3994	130	120	433	3.2549	3.0045	6.2594	10.8413	0.7158	1.3179	-0.2901	5	5	목동로데오거리[골목상권] | 목동사거리[발달상권] | 목동신시가지[발달상권] | 목동역 5번[골목상권] | 목동역 8번출구[발달상권]	명칭 기반 대표상권 매칭이며 임대료 통계의 공간 경계와 정확히 같지 않을 수 있음
20224	목동			3654	4100	213	107	446	5.1951	2.6098	7.8049	10.8780	0.5053	1.0858	-0.1514	5	5	목동로데오거리[골목상권] | 목동사거리[발달상권] | 목동신시가지[발달상권] | 목동역 5번[골목상권] | 목동역 8번출구[발달상권]	명칭 기반 대표상권 매칭이며 임대료 통계의 공간 경계와 정확히 같지 않을 수 있음
20231	목동			3676	4121	150	129	445	3.6399	3.1303	6.7702	10.7983	0.8610	1.6769	-0.2707	5	5	목동로데오거리[골목상권] | 목동사거리[발달상권] | 목동신시가지[발달상권] | 목동역 5번[골목상권] | 목동역 8번출구[발달상권]	명칭 기반 대표상권 매칭이며 임대료 통계의 공간 경계와 정확히 같지 않을 수 있음
20232	목동			3669	4108	102	115	439	2.4830	2.7994	5.2824	10.6865	0.8416	0.9149	-0.0565	5	5	목동로데오거리[골목상권] | 목동사거리[발달상권] | 목동신시가지[발달상권] | 목동역 5번[골목상권] | 목동역 8번출구[발달상권]	명칭 기반 대표상권 매칭이며 임대료 통계의 공간 경계와 정확히 같지 않을 수 있음
20233	목동			3688	4131	151	128	443	3.6553	3.0985	6.7538	10.7238	0.0940	0.4944	-0.1175	5	5	목동로데오거리[골목상권] | 목동사거리[발달상권] | 목동신시가지[발달상권] | 목동역 5번[골목상권] | 목동역 8번출구[발달상권]	명칭 기반 대표상권 매칭이며 임대료 통계의 공간 경계와 정확히 같지 않을 수 있음
20234	목동			3679	4119	116	128	440	2.8162	3.1076	5.9238	10.6822	0.4978	-1.8811	-0.1958	5	5	목동로데오거리[골목상권] | 목동사거리[발달상권] | 목동신시가지[발달상권] | 목동역 5번[골목상권] | 목동역 8번출구[발달상권]	명칭 기반 대표상권 매칭이며 임대료 통계의 공간 경계와 정확히 같지 않을 수 있음
20241	목동			3688	4120	121	120	432	2.9369	2.9126	5.8495	10.4854	-0.2177	-0.9207	-0.3129	5	5	목동로데오거리[골목상권] | 목동사거리[발달상권] | 목동신시가지[발달상권] | 목동역 5번[골목상권] | 목동역 8번출구[발달상권]	명칭 기반 대표상권 매칭이며 임대료 통계의 공간 경계와 정확히 같지 않을 수 있음
20242	목동			3639	4067	57	110	428	1.4015	2.7047	4.1062	10.5237	-0.0947	-1.1762	-0.1627	5	5	목동로데오거리[골목상권] | 목동사거리[발달상권] | 목동신시가지[발달상권] | 목동역 5번[골목상권] | 목동역 8번출구[발달상권]	명칭 기반 대표상권 매칭이며 임대료 통계의 공간 경계와 정확히 같지 않을 수 있음
20243	목동	40.3		3604	4019	74	122	415	1.8413	3.0356	4.8768	10.3260	-0.0629	-1.8770	-0.3978	5	5	목동로데오거리[골목상권] | 목동사거리[발달상권] | 목동신시가지[발달상권] | 목동역 5번[골목상권] | 목동역 8번출구[발달상권]	명칭 기반 대표상권 매칭이며 임대료 통계의 공간 경계와 정확히 같지 않을 수 있음
20244	목동	40.3		3567	3979	63	104	412	1.5833	2.6137	4.1970	10.3544	-0.4938	-1.7267	-0.3278	5	5	목동로데오거리[골목상권] | 목동사거리[발달상권] | 목동신시가지[발달상권] | 목동역 5번[골목상권] | 목동역 8번출구[발달상권]	명칭 기반 대표상권 매칭이며 임대료 통계의 공간 경계와 정확히 같지 않을 수 있음
20251	목동	40.4		3504	3913	63	131	409	1.6100	3.3478	4.9578	10.4523	0.4352	-0.8917	-0.0331	5	5	목동로데오거리[골목상권] | 목동사거리[발달상권] | 목동신시가지[발달상권] | 목동역 5번[골목상권] | 목동역 8번출구[발달상권]	명칭 기반 대표상권 매칭이며 임대료 통계의 공간 경계와 정확히 같지 않을 수 있음
20252	목동	40.4		3493	3902	87	94	409	2.2296	2.4090	4.6386	10.4818	-0.2957	0.5324	-0.0419	5	5	목동로데오거리[골목상권] | 목동사거리[발달상권] | 목동신시가지[발달상권] | 목동역 5번[골목상권] | 목동역 8번출구[발달상권]	명칭 기반 대표상권 매칭이며 임대료 통계의 공간 경계와 정확히 같지 않을 수 있음
20253	목동	40.4	0.2481	3488	3891	78	88	403	2.0046	2.2616	4.2663	10.3572	-0.7740	-0.6106	0.0313	5	5	목동로데오거리[골목상권] | 목동사거리[발달상권] | 목동신시가지[발달상권] | 목동역 5번[골목상권] | 목동역 8번출구[발달상권]	명칭 기반 대표상권 매칭이며 임대료 통계의 공간 경계와 정확히 같지 않을 수 있음
20254	목동	40.4	0.2481	3473	3869	58	79	396	1.4991	2.0419	3.5410	10.2352	-0.5719	-0.6561	-0.1192	5	5	목동로데오거리[골목상권] | 목동사거리[발달상권] | 목동신시가지[발달상권] | 목동역 5번[골목상권] | 목동역 8번출구[발달상권]	명칭 기반 대표상권 매칭이며 임대료 통계의 공간 경계와 정확히 같지 않을 수 있음
20261	목동	40.4	0.0000													5	0	목동로데오거리[골목상권] | 목동사거리[발달상권] | 목동신시가지[발달상권] | 목동역 5번[골목상권] | 목동역 8번출구[발달상권]	명칭 기반 대표상권 매칭이며 임대료 통계의 공간 경계와 정확히 같지 않을 수 있음
20211	미아사거리			1164	1310	58	28	146	4.4275	2.1374	6.5649	11.1450				3	3	미아사거리[발달상권] | 미아사거리역[발달상권] | 미아사거리역 3번[골목상권]	명칭 기반 대표상권 매칭이며 임대료 통계의 공간 경계와 정확히 같지 않을 수 있음
20212	미아사거리			1163	1309	49	50	146	3.7433	3.8197	7.5630	11.1536				3	3	미아사거리[발달상권] | 미아사거리역[발달상권] | 미아사거리역 3번[골목상권]	명칭 기반 대표상권 매칭이며 임대료 통계의 공간 경계와 정확히 같지 않을 수 있음
20213	미아사거리			1168	1315	44	38	147	3.3460	2.8897	6.2357	11.1787				3	3	미아사거리[발달상권] | 미아사거리역[발달상권] | 미아사거리역 3번[골목상권]	명칭 기반 대표상권 매칭이며 임대료 통계의 공간 경계와 정확히 같지 않을 수 있음
20214	미아사거리			1189	1336	62	41	147	4.6407	3.0689	7.7096	11.0030				3	3	미아사거리[발달상권] | 미아사거리역[발달상권] | 미아사거리역 3번[골목상권]	명칭 기반 대표상권 매칭이며 임대료 통계의 공간 경계와 정확히 같지 않을 수 있음
20221	미아사거리			1214	1359	61	38	145	4.4886	2.7962	7.2848	10.6696	0.6588	0.7199	-0.4754	3	3	미아사거리[발달상권] | 미아사거리역[발달상권] | 미아사거리역 3번[골목상권]	명칭 기반 대표상권 매칭이며 임대료 통계의 공간 경계와 정확히 같지 않을 수 있음
20222	미아사거리			1215	1363	39	35	148	2.8613	2.5679	5.4292	10.8584	-1.2518	-2.1338	-0.2952	3	3	미아사거리[발달상권] | 미아사거리역[발달상권] | 미아사거리역 3번[골목상권]	명칭 기반 대표상권 매칭이며 임대료 통계의 공간 경계와 정확히 같지 않을 수 있음
20223	미아사거리			1211	1356	55	62	145	4.0560	4.5723	8.6283	10.6932	1.6825	2.3926	-0.4855	3	3	미아사거리[발달상권] | 미아사거리역[발달상권] | 미아사거리역 3번[골목상권]	명칭 기반 대표상권 매칭이며 임대료 통계의 공간 경계와 정확히 같지 않을 수 있음
20224	미아사거리			1216	1366	47	37	150	3.4407	2.7086	6.1493	10.9810	-0.3602	-1.5602	-0.0220	3	3	미아사거리[발달상권] | 미아사거리역[발달상권] | 미아사거리역 3번[골목상권]	명칭 기반 대표상권 매칭이며 임대료 통계의 공간 경계와 정확히 같지 않을 수 있음
20231	미아사거리			1230	1376	48	38	146	3.4884	2.7616	6.2500	10.6105	-0.0345	-1.0348	-0.0591	3	3	미아사거리[발달상권] | 미아사거리역[발달상권] | 미아사거리역 3번[골목상권]	명칭 기반 대표상권 매칭이며 임대료 통계의 공간 경계와 정확히 같지 않을 수 있음
20232	미아사거리			1227	1375	39	40	148	2.8364	2.9091	5.7455	10.7636	0.3412	0.3163	-0.0948	3	3	미아사거리[발달상권] | 미아사거리역[발달상권] | 미아사거리역 3번[골목상권]	명칭 기반 대표상권 매칭이며 임대료 통계의 공간 경계와 정확히 같지 않을 수 있음
20233	미아사거리			1238	1384	61	52	146	4.4075	3.7572	8.1647	10.5491	-0.8150	-0.4636	-0.1441	3	3	미아사거리[발달상권] | 미아사거리역[발달상권] | 미아사거리역 3번[골목상권]	명칭 기반 대표상권 매칭이며 임대료 통계의 공간 경계와 정확히 같지 않을 수 있음
20234	미아사거리			1226	1364	36	56	138	2.6393	4.1056	6.7449	10.1173	1.3969	0.5955	-0.8637	3	3	미아사거리[발달상권] | 미아사거리역[발달상권] | 미아사거리역 3번[골목상권]	명칭 기반 대표상권 매칭이며 임대료 통계의 공간 경계와 정확히 같지 않을 수 있음
20241	미아사거리			1214	1354	31	41	140	2.2895	3.0281	5.3176	10.3397	0.2664	-0.9324	-0.2707	3	3	미아사거리[발달상권] | 미아사거리역[발달상권] | 미아사거리역 3번[골목상권]	명칭 기반 대표상권 매칭이며 임대료 통계의 공간 경계와 정확히 같지 않을 수 있음
20242	미아사거리			1179	1314	19	59	135	1.4460	4.4901	5.9361	10.2740	1.5810	0.1906	-0.4897	3	3	미아사거리[발달상권] | 미아사거리역[발달상권] | 미아사거리역 3번[골목상권]	명칭 기반 대표상권 매칭이며 임대료 통계의 공간 경계와 정확히 같지 않을 수 있음
20243	미아사거리	40.2		1150	1282	6	38	132	0.4680	2.9641	3.4321	10.2964	-0.7931	-4.7326	-0.2527	3	3	미아사거리[발달상권] | 미아사거리역[발달상권] | 미아사거리역 3번[골목상권]	명칭 기반 대표상권 매칭이며 임대료 통계의 공간 경계와 정확히 같지 않을 수 있음
20244	미아사거리	40.1		1141	1274	20	28	133	1.5699	2.1978	3.7677	10.4396	-1.9078	-2.9772	0.3223	3	3	미아사거리[발달상권] | 미아사거리역[발달상권] | 미아사거리역 3번[골목상권]	명칭 기반 대표상권 매칭이며 임대료 통계의 공간 경계와 정확히 같지 않을 수 있음
20251	미아사거리	40.0		1114	1247	14	35	133	1.1227	2.8067	3.9294	10.6656	-0.2213	-1.3881	0.3259	3	3	미아사거리[발달상권] | 미아사거리역[발달상권] | 미아사거리역 3번[골목상권]	명칭 기반 대표상권 매칭이며 임대료 통계의 공간 경계와 정확히 같지 않을 수 있음
20252	미아사거리	39.8		1099	1235	25	36	136	2.0243	2.9150	4.9393	11.0121	-1.5751	-0.9968	0.7382	3	3	미아사거리[발달상권] | 미아사거리역[발달상권] | 미아사거리역 3번[골목상권]	명칭 기반 대표상권 매칭이며 임대료 통계의 공간 경계와 정확히 같지 않을 수 있음
20253	미아사거리	39.7	-1.2438	1084	1214	17	38	130	1.4003	3.1301	4.5305	10.7084	0.1660	1.0983	0.4120	3	3	미아사거리[발달상권] | 미아사거리역[발달상권] | 미아사거리역 3번[골목상권]	명칭 기반 대표상권 매칭이며 임대료 통계의 공간 경계와 정확히 같지 않을 수 있음
20254	미아사거리	40.2	0.2494	1060	1192	15	37	132	1.2584	3.1040	4.3624	11.0738	0.9062	0.5948	0.6343	3	3	미아사거리[발달상권] | 미아사거리역[발달상권] | 미아사거리역 3번[골목상권]	명칭 기반 대표상권 매칭이며 임대료 통계의 공간 경계와 정확히 같지 않을 수 있음
20261	미아사거리	40.3	0.7500													3	0	미아사거리[발달상권] | 미아사거리역[발달상권] | 미아사거리역 3번[골목상권]	명칭 기반 대표상권 매칭이며 임대료 통계의 공간 경계와 정확히 같지 않을 수 있음
20211	불광역			555	592	22	19	37	3.7162	3.2095	6.9257	6.2500				4	4	불광역[발달상권] | 불광역 3번[골목상권] | 불광역 7번[골목상권] | 불광역 8번[골목상권]	명칭 기반 대표상권 매칭이며 임대료 통계의 공간 경계와 정확히 같지 않을 수 있음
20212	불광역			553	592	18	18	39	3.0405	3.0405	6.0811	6.5878				4	4	불광역[발달상권] | 불광역 3번[골목상권] | 불광역 7번[골목상권] | 불광역 8번[골목상권]	명칭 기반 대표상권 매칭이며 임대료 통계의 공간 경계와 정확히 같지 않을 수 있음
20213	불광역			557	596	16	12	39	2.6846	2.0134	4.6980	6.5436				4	4	불광역[발달상권] | 불광역 3번[골목상권] | 불광역 7번[골목상권] | 불광역 8번[골목상권]	명칭 기반 대표상권 매칭이며 임대료 통계의 공간 경계와 정확히 같지 않을 수 있음
20214	불광역			573	612	31	15	39	5.0654	2.4510	7.5163	6.3725				4	4	불광역[발달상권] | 불광역 3번[골목상권] | 불광역 7번[골목상권] | 불광역 8번[골목상권]	명칭 기반 대표상권 매칭이며 임대료 통계의 공간 경계와 정확히 같지 않을 수 있음
20221	불광역			582	622	27	17	40	4.3408	2.7331	7.0740	6.4309	-0.4763	0.1483	0.1809	4	4	불광역[발달상권] | 불광역 3번[골목상권] | 불광역 7번[골목상권] | 불광역 8번[골목상권]	명칭 기반 대표상권 매칭이며 임대료 통계의 공간 경계와 정확히 같지 않을 수 있음
20222	불광역			589	631	22	13	42	3.4865	2.0602	5.5468	6.6561	-0.9803	-0.5343	0.0683	4	4	불광역[발달상권] | 불광역 3번[골목상권] | 불광역 7번[골목상권] | 불광역 8번[골목상권]	명칭 기반 대표상권 매칭이며 임대료 통계의 공간 경계와 정확히 같지 않을 수 있음
20223	불광역			588	632	21	20	44	3.3228	3.1646	6.4873	6.9620	1.1511	1.7894	0.4184	4	4	불광역[발달상권] | 불광역 3번[골목상권] | 불광역 7번[골목상권] | 불광역 8번[골목상권]	명칭 기반 대표상권 매칭이며 임대료 통계의 공간 경계와 정확히 같지 않을 수 있음
20224	불광역			595	640	34	26	45	5.3125	4.0625	9.3750	7.0312	1.6115	1.8587	0.6587	4	4	불광역[발달상권] | 불광역 3번[골목상권] | 불광역 7번[골목상권] | 불광역 8번[골목상권]	명칭 기반 대표상권 매칭이며 임대료 통계의 공간 경계와 정확히 같지 않을 수 있음
20231	불광역			602	648	41	33	46	6.3272	5.0926	11.4198	7.0988	2.3595	4.3458	0.6679	4	4	불광역[발달상권] | 불광역 3번[골목상권] | 불광역 7번[골목상권] | 불광역 8번[골목상권]	명칭 기반 대표상권 매칭이며 임대료 통계의 공간 경계와 정확히 같지 않을 수 있음
20232	불광역			613	661	33	20	48	4.9924	3.0257	8.0182	7.2617	0.9655	2.4714	0.6056	4	4	불광역[발달상권] | 불광역 3번[골목상권] | 불광역 7번[골목상권] | 불광역 8번[골목상권]	명칭 기반 대표상권 매칭이며 임대료 통계의 공간 경계와 정확히 같지 않을 수 있음
20233	불광역			615	663	23	21	48	3.4691	3.1674	6.6365	7.2398	0.0029	0.1492	0.2778	4	4	불광역[발달상권] | 불광역 3번[골목상권] | 불광역 7번[골목상권] | 불광역 8번[골목상권]	명칭 기반 대표상권 매칭이며 임대료 통계의 공간 경계와 정확히 같지 않을 수 있음
20234	불광역			629	676	30	17	47	4.4379	2.5148	6.9527	6.9527	-1.5477	-2.4223	-0.0786	4	4	불광역[발달상권] | 불광역 3번[골목상권] | 불광역 7번[골목상권] | 불광역 8번[골목상권]	명칭 기반 대표상권 매칭이며 임대료 통계의 공간 경계와 정확히 같지 않을 수 있음
20241	불광역			617	663	20	33	46	3.0166	4.9774	7.9940	6.9382	-0.1152	-3.4258	-0.1606	4	4	불광역[발달상권] | 불광역 3번[골목상권] | 불광역 7번[골목상권] | 불광역 8번[골목상권]	명칭 기반 대표상권 매칭이며 임대료 통계의 공간 경계와 정확히 같지 않을 수 있음
20242	불광역			609	657	20	26	48	3.0441	3.9574	7.0015	7.3059	0.9317	-1.0166	0.0442	4	4	불광역[발달상권] | 불광역 3번[골목상권] | 불광역 7번[골목상권] | 불광역 8번[골목상권]	명칭 기반 대표상권 매칭이며 임대료 통계의 공간 경계와 정확히 같지 않을 수 있음
20243	불광역	39.7		597	648	19	28	51	2.9321	4.3210	7.2531	7.8704	1.1536	0.6166	0.6306	4	4	불광역[발달상권] | 불광역 3번[골목상권] | 불광역 7번[골목상권] | 불광역 8번[골목상권]	명칭 기반 대표상권 매칭이며 임대료 통계의 공간 경계와 정확히 같지 않을 수 있음
20244	불광역	39.6		594	643	17	22	49	2.6439	3.4215	6.0653	7.6205	0.9067	-0.8873	0.6679	4	4	불광역[발달상권] | 불광역 3번[골목상권] | 불광역 7번[골목상권] | 불광역 8번[골목상권]	명칭 기반 대표상권 매칭이며 임대료 통계의 공간 경계와 정확히 같지 않을 수 있음
20251	불광역	39.5		582	632	8	18	50	1.2658	2.8481	4.1139	7.9114	-2.1293	-3.8800	0.9732	4	4	불광역[발달상권] | 불광역 3번[골목상권] | 불광역 7번[골목상권] | 불광역 8번[골목상권]	명칭 기반 대표상권 매칭이며 임대료 통계의 공간 경계와 정확히 같지 않을 수 있음
20252	불광역	39.4		587	637	13	8	50	2.0408	1.2559	3.2967	7.8493	-2.7015	-3.7048	0.5434	4	4	불광역[발달상권] | 불광역 3번[골목상권] | 불광역 7번[골목상권] | 불광역 8번[골목상권]	명칭 기반 대표상권 매칭이며 임대료 통계의 공간 경계와 정확히 같지 않을 수 있음
20253	불광역	39.4	-0.7557	583	629	14	22	46	2.2258	3.4976	5.7234	7.3132	-0.8234	-1.5297	-0.5572	4	4	불광역[발달상권] | 불광역 3번[골목상권] | 불광역 7번[골목상권] | 불광역 8번[골목상권]	명칭 기반 대표상권 매칭이며 임대료 통계의 공간 경계와 정확히 같지 않을 수 있음
20254	불광역	39.4	-0.5051	586	631	13	12	45	2.0602	1.9017	3.9620	7.1315	-1.5197	-2.1034	-0.4890	4	4	불광역[발달상권] | 불광역 3번[골목상권] | 불광역 7번[골목상권] | 불광역 8번[골목상권]	명칭 기반 대표상권 매칭이며 임대료 통계의 공간 경계와 정확히 같지 않을 수 있음
20261	불광역	39.3	-0.5063													4	0	불광역[발달상권] | 불광역 3번[골목상권] | 불광역 7번[골목상권] | 불광역 8번[골목상권]	명칭 기반 대표상권 매칭이며 임대료 통계의 공간 경계와 정확히 같지 않을 수 있음
20211	사당			1938	2163	74	74	225	3.4212	3.4212	6.8423	10.4022				4	4	사당역(사당)[발달상권] | 사당역 4번[골목상권] | 사당역 10번[골목상권] | 사당역 11번(사당역먹자골목)[발달상권]	명칭 기반 대표상권 매칭이며 임대료 통계의 공간 경계와 정확히 같지 않을 수 있음
20212	사당			1946	2165	70	68	219	3.2333	3.1409	6.3741	10.1155				4	4	사당역(사당)[발달상권] | 사당역 4번[골목상권] | 사당역 10번[골목상권] | 사당역 11번(사당역먹자골목)[발달상권]	명칭 기반 대표상권 매칭이며 임대료 통계의 공간 경계와 정확히 같지 않을 수 있음
20213	사당			1951	2168	52	49	217	2.3985	2.2601	4.6587	10.0092				4	4	사당역(사당)[발달상권] | 사당역 4번[골목상권] | 사당역 10번[골목상권] | 사당역 11번(사당역먹자골목)[발달상권]	명칭 기반 대표상권 매칭이며 임대료 통계의 공간 경계와 정확히 같지 않을 수 있음
20214	사당			1987	2204	93	57	217	4.2196	2.5862	6.8058	9.8457				4	4	사당역(사당)[발달상권] | 사당역 4번[골목상권] | 사당역 10번[골목상권] | 사당역 11번(사당역먹자골목)[발달상권]	명칭 기반 대표상권 매칭이며 임대료 통계의 공간 경계와 정확히 같지 않을 수 있음
20221	사당			2004	2222	63	45	218	2.8353	2.0252	4.8605	9.8110	-1.3960	-1.9819	-0.5912	4	4	사당역(사당)[발달상권] | 사당역 4번[골목상권] | 사당역 10번[골목상권] | 사당역 11번(사당역먹자골목)[발달상권]	명칭 기반 대표상권 매칭이며 임대료 통계의 공간 경계와 정확히 같지 않을 수 있음
20222	사당			2018	2246	70	46	228	3.1167	2.0481	5.1647	10.1514	-1.0928	-1.2094	0.0359	4	4	사당역(사당)[발달상권] | 사당역 4번[골목상권] | 사당역 10번[골목상권] | 사당역 11번(사당역먹자골목)[발달상권]	명칭 기반 대표상권 매칭이며 임대료 통계의 공간 경계와 정확히 같지 않을 수 있음
20223	사당			2018	2245	71	72	227	3.1626	3.2071	6.3697	10.1114	0.9470	1.7110	0.1021	4	4	사당역(사당)[발달상권] | 사당역 4번[골목상권] | 사당역 10번[골목상권] | 사당역 11번(사당역먹자골목)[발달상권]	명칭 기반 대표상권 매칭이며 임대료 통계의 공간 경계와 정확히 같지 않을 수 있음
20224	사당			2077	2313	121	53	236	5.2313	2.2914	7.5227	10.2032	-0.2948	0.7169	0.3575	4	4	사당역(사당)[발달상권] | 사당역 4번[골목상권] | 사당역 10번[골목상권] | 사당역 11번(사당역먹자골목)[발달상권]	명칭 기반 대표상권 매칭이며 임대료 통계의 공간 경계와 정확히 같지 않을 수 있음
20231	사당			2091	2326	87	74	235	3.7403	3.1814	6.9218	10.1032	1.1562	2.0613	0.2922	4	4	사당역(사당)[발달상권] | 사당역 4번[골목상권] | 사당역 10번[골목상권] | 사당역 11번(사당역먹자골목)[발달상권]	명칭 기반 대표상권 매칭이며 임대료 통계의 공간 경계와 정확히 같지 않을 수 있음
20232	사당			2107	2341	87	72	234	3.7164	3.0756	6.7920	9.9957	1.0275	1.6272	-0.1557	4	4	사당역(사당)[발달상권] | 사당역 4번[골목상권] | 사당역 10번[골목상권] | 사당역 11번(사당역먹자골목)[발달상권]	명칭 기반 대표상권 매칭이며 임대료 통계의 공간 경계와 정확히 같지 않을 수 있음
20233	사당			2131	2366	82	57	235	3.4658	2.4091	5.8749	9.9324	-0.7980	-0.4948	-0.1790	4	4	사당역(사당)[발달상권] | 사당역 4번[골목상권] | 사당역 10번[골목상권] | 사당역 11번(사당역먹자골목)[발달상권]	명칭 기반 대표상권 매칭이며 임대료 통계의 공간 경계와 정확히 같지 않을 수 있음
20234	사당			2159	2393	91	64	234	3.8028	2.6745	6.4772	9.7785	0.3831	-1.0455	-0.4247	4	4	사당역(사당)[발달상권] | 사당역 4번[골목상권] | 사당역 10번[골목상권] | 사당역 11번(사당역먹자골목)[발달상권]	명칭 기반 대표상권 매칭이며 임대료 통계의 공간 경계와 정확히 같지 않을 수 있음
20241	사당			2138	2379	76	90	241	3.1946	3.7831	6.9777	10.1303	0.6017	0.0560	0.0271	4	4	사당역(사당)[발달상권] | 사당역 4번[골목상권] | 사당역 10번[골목상권] | 사당역 11번(사당역먹자골목)[발달상권]	명칭 기반 대표상권 매칭이며 임대료 통계의 공간 경계와 정확히 같지 않을 수 있음
20242	사당			2136	2376	65	68	240	2.7357	2.8620	5.5976	10.1010	-0.2137	-1.1943	0.1053	4	4	사당역(사당)[발달상권] | 사당역 4번[골목상권] | 사당역 10번[골목상권] | 사당역 11번(사당역먹자골목)[발달상권]	명칭 기반 대표상권 매칭이며 임대료 통계의 공간 경계와 정확히 같지 않을 수 있음
20243	사당	45.1		2131	2371	55	60	240	2.3197	2.5306	4.8503	10.1223	0.1214	-1.0246	0.1899	4	4	사당역(사당)[발달상권] | 사당역 4번[골목상권] | 사당역 10번[골목상권] | 사당역 11번(사당역먹자골목)[발달상권]	명칭 기반 대표상권 매칭이며 임대료 통계의 공간 경계와 정확히 같지 않을 수 있음
20244	사당	45.1		2111	2349	46	67	238	1.9583	2.8523	4.8106	10.1320	0.1778	-1.6667	0.3535	4	4	사당역(사당)[발달상권] | 사당역 4번[골목상권] | 사당역 10번[골목상권] | 사당역 11번(사당역먹자골목)[발달상권]	명칭 기반 대표상권 매칭이며 임대료 통계의 공간 경계와 정확히 같지 않을 수 있음
20251	사당	45.2		2073	2312	39	67	239	1.6869	2.8979	4.5848	10.3374	-0.8852	-2.3929	0.2071	4	4	사당역(사당)[발달상권] | 사당역 4번[골목상권] | 사당역 10번[골목상권] | 사당역 11번(사당역먹자골목)[발달상권]	명칭 기반 대표상권 매칭이며 임대료 통계의 공간 경계와 정확히 같지 않을 수 있음
20252	사당	45.3		2076	2318	55	47	242	2.3727	2.0276	4.4003	10.4400	-0.8343	-1.1973	0.3390	4	4	사당역(사당)[발달상권] | 사당역 4번[골목상권] | 사당역 10번[골목상권] | 사당역 11번(사당역먹자골목)[발달상권]	명칭 기반 대표상권 매칭이며 임대료 통계의 공간 경계와 정확히 같지 않을 수 있음
20253	사당	45.5	0.8869	2079	2322	58	54	243	2.4978	2.3256	4.8234	10.4651	-0.2050	-0.0268	0.3428	4	4	사당역(사당)[발달상권] | 사당역 4번[골목상권] | 사당역 10번[골목상권] | 사당역 11번(사당역먹자골목)[발달상권]	명칭 기반 대표상권 매칭이며 임대료 통계의 공간 경계와 정확히 같지 않을 수 있음
20254	사당	47.8	5.9867	2079	2313	44	53	234	1.9023	2.2914	4.1937	10.1167	-0.5609	-0.6169	-0.0152	4	4	사당역(사당)[발달상권] | 사당역 4번[골목상권] | 사당역 10번[골목상권] | 사당역 11번(사당역먹자골목)[발달상권]	명칭 기반 대표상권 매칭이며 임대료 통계의 공간 경계와 정확히 같지 않을 수 있음
20261	사당	47.9	5.9735													4	0	사당역(사당)[발달상권] | 사당역 4번[골목상권] | 사당역 10번[골목상권] | 사당역 11번(사당역먹자골목)[발달상권]	명칭 기반 대표상권 매칭이며 임대료 통계의 공간 경계와 정확히 같지 않을 수 있음
20211	상계역			348	394	14	13	46	3.5533	3.2995	6.8528	11.6751				1	1	상계역[골목상권]	명칭 기반 대표상권 매칭이며 임대료 통계의 공간 경계와 정확히 같지 않을 수 있음
20212	상계역			358	401	22	15	43	5.4863	3.7406	9.2269	10.7232				1	1	상계역[골목상권]	명칭 기반 대표상권 매칭이며 임대료 통계의 공간 경계와 정확히 같지 않을 수 있음
20213	상계역			356	398	14	17	42	3.5176	4.2714	7.7889	10.5528				1	1	상계역[골목상권]	명칭 기반 대표상권 매칭이며 임대료 통계의 공간 경계와 정확히 같지 않을 수 있음
20214	상계역			361	404	12	6	43	2.9703	1.4851	4.4554	10.6436				1	1	상계역[골목상권]	명칭 기반 대표상권 매칭이며 임대료 통계의 공간 경계와 정확히 같지 않을 수 있음
20221	상계역			363	406	7	5	43	1.7241	1.2315	2.9557	10.5911	-2.0680	-3.8971	-1.0840	1	1	상계역[골목상권]	명칭 기반 대표상권 매칭이며 임대료 통계의 공간 경계와 정확히 같지 않을 수 있음
20222	상계역			365	412	16	10	47	3.8835	2.4272	6.3107	11.4078	-1.3135	-2.9163	0.6846	1	1	상계역[골목상권]	명칭 기반 대표상권 매칭이며 임대료 통계의 공간 경계와 정확히 같지 않을 수 있음
20223	상계역			363	409	16	19	46	3.9120	4.6455	8.5575	11.2469	0.3741	0.7685	0.6942	1	1	상계역[골목상권]	명칭 기반 대표상권 매칭이며 임대료 통계의 공간 경계와 정확히 같지 않을 수 있음
20224	상계역			361	409	23	23	48	5.6235	5.6235	11.2469	11.7359	4.1383	6.7915	1.0924	1	1	상계역[골목상권]	명칭 기반 대표상권 매칭이며 임대료 통계의 공간 경계와 정확히 같지 않을 수 있음
20231	상계역			357	404	4	9	47	0.9901	2.2277	3.2178	11.6337	0.9962	0.2622	1.0425	1	1	상계역[골목상권]	명칭 기반 대표상권 매칭이며 임대료 통계의 공간 경계와 정확히 같지 않을 수 있음
20232	상계역			364	412	14	6	48	3.3981	1.4563	4.8544	11.6505	-0.9709	-1.4563	0.2427	1	1	상계역[골목상권]	명칭 기반 대표상권 매칭이며 임대료 통계의 공간 경계와 정확히 같지 않을 수 있음
20233	상계역			371	419	19	12	48	4.5346	2.8640	7.3986	11.4558	-1.7815	-1.1589	0.2089	1	1	상계역[골목상권]	명칭 기반 대표상권 매칭이며 임대료 통계의 공간 경계와 정확히 같지 않을 수 있음
20234	상계역			376	423	13	9	47	3.0733	2.1277	5.2009	11.1111	-3.4958	-6.0460	-0.6248	1	1	상계역[골목상권]	명칭 기반 대표상권 매칭이며 임대료 통계의 공간 경계와 정확히 같지 않을 수 있음
20241	상계역			369	418	12	17	49	2.8708	4.0670	6.9378	11.7225	1.8393	3.7200	0.0888	1	1	상계역[골목상권]	명칭 기반 대표상권 매칭이며 임대료 통계의 공간 경계와 정확히 같지 않을 수 있음
20242	상계역			362	410	8	16	48	1.9512	3.9024	5.8537	11.7073	2.4461	0.9993	0.0568	1	1	상계역[골목상권]	명칭 기반 대표상권 매칭이며 임대료 통계의 공간 경계와 정확히 같지 않을 수 있음
20243	상계역	24.6		365	411	14	13	46	3.4063	3.1630	6.5693	11.1922	0.2991	-0.8292	-0.2636	1	1	상계역[골목상권]	명칭 기반 대표상권 매칭이며 임대료 통계의 공간 경계와 정확히 같지 않을 수 있음
20244	상계역	24.6		359	404	13	19	45	3.2178	4.7030	7.9208	11.1386	2.5753	2.7198	0.0275	1	1	상계역[골목상권]	명칭 기반 대표상권 매칭이며 임대료 통계의 공간 경계와 정확히 같지 않을 수 있음
20251	상계역	24.5		349	394	5	14	45	1.2690	3.5533	4.8223	11.4213	-0.5137	-2.1155	-0.3012	1	1	상계역[골목상권]	명칭 기반 대표상권 매칭이며 임대료 통계의 공간 경계와 정확히 같지 않을 수 있음
20252	상계역	24.5		349	393	10	11	44	2.5445	2.7990	5.3435	11.1959	-1.1035	-0.5101	-0.5114	1	1	상계역[골목상권]	명칭 기반 대표상권 매칭이며 임대료 통계의 공간 경계와 정확히 같지 않을 수 있음
20253	상계역	24.5	-0.4065	349	393	8	9	44	2.0356	2.2901	4.3257	11.1959	-0.8729	-2.2436	0.0037	1	1	상계역[골목상권]	명칭 기반 대표상권 매칭이며 임대료 통계의 공간 경계와 정확히 같지 않을 수 있음
20254	상계역	24.8	0.8130	350	394	9	8	44	2.2843	2.0305	4.3147	11.1675	-2.6725	-3.6061	0.0289	1	1	상계역[골목상권]	명칭 기반 대표상권 매칭이며 임대료 통계의 공간 경계와 정확히 같지 않을 수 있음
20261	상계역	24.8	1.2245													1	0	상계역[골목상권]	명칭 기반 대표상권 매칭이며 임대료 통계의 공간 경계와 정확히 같지 않을 수 있음
20211	상봉역			682	792	19	21	110	2.3990	2.6515	5.0505	13.8889				1	1	상봉역[발달상권]	명칭 기반 대표상권 매칭이며 임대료 통계의 공간 경계와 정확히 같지 않을 수 있음
20212	상봉역			694	800	37	29	106	4.6250	3.6250	8.2500	13.2500				1	1	상봉역[발달상권]	명칭 기반 대표상권 매칭이며 임대료 통계의 공간 경계와 정확히 같지 않을 수 있음
20213	상봉역			687	793	15	22	106	1.8916	2.7743	4.6658	13.3670				1	1	상봉역[발달상권]	명칭 기반 대표상권 매칭이며 임대료 통계의 공간 경계와 정확히 같지 않을 수 있음
20214	상봉역			698	805	35	23	107	4.3478	2.8571	7.2050	13.2919				1	1	상봉역[발달상권]	명칭 기반 대표상권 매칭이며 임대료 통계의 공간 경계와 정확히 같지 않을 수 있음
20221	상봉역			697	804	22	23	107	2.7363	2.8607	5.5970	13.3085	0.2092	0.5465	-0.5804	1	1	상봉역[발달상권]	명칭 기반 대표상권 매칭이며 임대료 통계의 공간 경계와 정확히 같지 않을 수 있음
20222	상봉역			709	817	23	10	108	2.8152	1.2240	4.0392	13.2191	-2.4010	-4.2108	-0.0309	1	1	상봉역[발달상권]	명칭 기반 대표상권 매칭이며 임대료 통계의 공간 경계와 정확히 같지 않을 수 있음
20223	상봉역			704	811	19	25	107	2.3428	3.0826	5.4254	13.1936	0.3083	0.7596	-0.1734	1	1	상봉역[발달상권]	명칭 기반 대표상권 매칭이며 임대료 통계의 공간 경계와 정확히 같지 않을 수 있음
20224	상봉역			719	832	40	19	113	4.8077	2.2837	7.0913	13.5817	-0.5735	-0.1136	0.2898	1	1	상봉역[발달상권]	명칭 기반 대표상권 매칭이며 임대료 통계의 공간 경계와 정확히 같지 않을 수 있음
20231	상봉역			726	840	22	14	114	2.6190	1.6667	4.2857	13.5714	-1.1940	-1.3113	0.2630	1	1	상봉역[발달상권]	명칭 기반 대표상권 매칭이며 임대료 통계의 공간 경계와 정확히 같지 않을 수 있음
20232	상봉역			737	852	30	18	115	3.5211	2.1127	5.6338	13.4977	0.8887	1.5946	0.2786	1	1	상봉역[발달상권]	명칭 기반 대표상권 매칭이며 임대료 통계의 공간 경계와 정확히 같지 않을 수 있음
20233	상봉역			745	860	34	26	115	3.9535	3.0233	6.9767	13.3721	-0.0594	1.5513	0.1785	1	1	상봉역[발달상권]	명칭 기반 대표상권 매칭이며 임대료 통계의 공간 경계와 정확히 같지 않을 수 있음
20234	상봉역			751	870	35	25	119	4.0230	2.8736	6.8966	13.6782	0.5899	-0.1948	0.0964	1	1	상봉역[발달상권]	명칭 기반 대표상권 매칭이며 임대료 통계의 공간 경계와 정확히 같지 않을 수 있음
20241	상봉역			773	892	58	36	119	6.5022	4.0359	10.5381	13.3408	2.3692	6.2524	-0.2306	1	1	상봉역[발달상권]	명칭 기반 대표상권 매칭이며 임대료 통계의 공간 경계와 정확히 같지 않을 수 있음
20242	상봉역			769	892	31	31	123	3.4753	3.4753	6.9507	13.7892	1.3627	1.3169	0.2916	1	1	상봉역[발달상권]	명칭 기반 대표상권 매칭이며 임대료 통계의 공간 경계와 정확히 같지 않을 수 있음
20243	상봉역	44.8		768	896	22	18	128	2.4554	2.0089	4.4643	14.2857	-1.0143	-2.5125	0.9136	1	1	상봉역[발달상권]	명칭 기반 대표상권 매칭이며 임대료 통계의 공간 경계와 정확히 같지 않을 수 있음
20244	상봉역	44.7		766	894	20	22	128	2.2371	2.4609	4.6980	14.3177	-0.4127	-2.1986	0.6395	1	1	상봉역[발달상권]	명칭 기반 대표상권 매칭이며 임대료 통계의 공간 경계와 정확히 같지 않을 수 있음
20251	상봉역	44.7		772	903	26	16	131	2.8793	1.7719	4.6512	14.5072	-2.2640	-5.8870	1.1664	1	1	상봉역[발달상권]	명칭 기반 대표상권 매칭이며 임대료 통계의 공간 경계와 정확히 같지 않을 수 있음
20252	상봉역	44.6		767	897	15	21	130	1.6722	2.3411	4.0134	14.4928	-1.1342	-2.9373	0.7035	1	1	상봉역[발달상권]	명칭 기반 대표상권 매칭이며 임대료 통계의 공간 경계와 정확히 같지 않을 수 있음
20253	상봉역	44.6	-0.4464	781	912	31	16	131	3.3991	1.7544	5.1535	14.3640	-0.2545	0.6892	0.0783	1	1	상봉역[발달상권]	명칭 기반 대표상권 매칭이며 임대료 통계의 공간 경계와 정확히 같지 않을 수 있음
20254	상봉역	44.8	0.2237	774	901	15	24	127	1.6648	2.6637	4.3285	14.0954	0.2029	-0.3695	-0.2222	1	1	상봉역[발달상권]	명칭 기반 대표상권 매칭이며 임대료 통계의 공간 경계와 정확히 같지 않을 수 있음
20261	상봉역	45.6	2.0134													1	0	상봉역[발달상권]	명칭 기반 대표상권 매칭이며 임대료 통계의 공간 경계와 정확히 같지 않을 수 있음
20211	서울대입구역			1107	1268	24	30	161	1.8927	2.3659	4.2587	12.6972				1	1	서울대입구역[발달상권]	명칭 기반 대표상권 매칭이며 임대료 통계의 공간 경계와 정확히 같지 않을 수 있음
20212	서울대입구역			1105	1268	40	40	163	3.1546	3.1546	6.3091	12.8549				1	1	서울대입구역[발달상권]	명칭 기반 대표상권 매칭이며 임대료 통계의 공간 경계와 정확히 같지 않을 수 있음
20213	서울대입구역			1110	1273	31	26	163	2.4352	2.0424	4.4776	12.8044				1	1	서울대입구역[발달상권]	명칭 기반 대표상권 매칭이며 임대료 통계의 공간 경계와 정확히 같지 않을 수 있음
20214	서울대입구역			1130	1293	58	38	163	4.4857	2.9389	7.4246	12.6063				1	1	서울대입구역[발달상권]	명칭 기반 대표상권 매칭이며 임대료 통계의 공간 경계와 정확히 같지 않을 수 있음
20221	서울대입구역			1134	1297	34	30	163	2.6214	2.3130	4.9345	12.5675	-0.0529	0.6758	-0.1297	1	1	서울대입구역[발달상권]	명칭 기반 대표상권 매칭이며 임대료 통계의 공간 경계와 정확히 같지 않을 수 있음
20222	서울대입구역			1149	1319	43	21	170	3.2600	1.5921	4.8522	12.8886	-1.5625	-1.4570	0.0337	1	1	서울대입구역[발달상권]	명칭 기반 대표상권 매칭이며 임대료 통계의 공간 경계와 정확히 같지 않을 수 있음
20223	서울대입구역			1151	1321	36	34	170	2.7252	2.5738	5.2990	12.8690	0.5314	0.8214	0.0646	1	1	서울대입구역[발달상권]	명칭 기반 대표상권 매칭이며 임대료 통계의 공간 경계와 정확히 같지 않을 수 있음
20224	서울대입구역			1171	1351	63	33	180	4.6632	2.4426	7.1058	13.3235	-0.4963	-0.3187	0.7171	1	1	서울대입구역[발달상권]	명칭 기반 대표상권 매칭이며 임대료 통계의 공간 경계와 정확히 같지 않을 수 있음
20231	서울대입구역			1174	1348	42	45	174	3.1157	3.3383	6.4540	12.9080	1.0252	1.5195	0.3405	1	1	서울대입구역[발달상권]	명칭 기반 대표상권 매칭이며 임대료 통계의 공간 경계와 정확히 같지 않을 수 있음
20232	서울대입구역			1184	1364	59	43	180	4.3255	3.1525	7.4780	13.1965	1.5604	2.6258	0.3079	1	1	서울대입구역[발달상권]	명칭 기반 대표상권 매칭이며 임대료 통계의 공간 경계와 정확히 같지 않을 수 있음
20233	서울대입구역			1197	1381	67	50	184	4.8516	3.6206	8.4721	13.3237	1.0468	3.1731	0.4546	1	1	서울대입구역[발달상권]	명칭 기반 대표상권 매칭이며 임대료 통계의 공간 경계와 정확히 같지 않을 수 있음
20234	서울대입구역			1203	1387	41	35	184	2.9560	2.5234	5.4795	13.2660	0.0808	-1.6264	-0.0574	1	1	서울대입구역[발달상권]	명칭 기반 대표상권 매칭이며 임대료 통계의 공간 경계와 정확히 같지 않을 수 있음
20241	서울대입구역			1205	1391	58	54	186	4.1697	3.8821	8.0518	13.3717	0.5438	1.5978	0.4637	1	1	서울대입구역[발달상권]	명칭 기반 대표상권 매칭이며 임대료 통계의 공간 경계와 정확히 같지 않을 수 있음
20242	서울대입구역			1199	1391	39	39	192	2.8037	2.8037	5.6075	13.8030	-0.3488	-1.8705	0.6065	1	1	서울대입구역[발달상권]	명칭 기반 대표상권 매칭이며 임대료 통계의 공간 경계와 정확히 같지 않을 수 있음
20243	서울대입구역	67.3		1204	1391	33	33	187	2.3724	2.3724	4.7448	13.4436	-1.2482	-3.7273	0.1199	1	1	서울대입구역[발달상권]	명칭 기반 대표상권 매칭이며 임대료 통계의 공간 경계와 정확히 같지 않을 수 있음
20244	서울대입구역	67.4		1205	1389	34	36	184	2.4478	2.5918	5.0396	13.2469	0.0684	-0.4399	-0.0191	1	1	서울대입구역[발달상권]	명칭 기반 대표상권 매칭이며 임대료 통계의 공간 경계와 정확히 같지 않을 수 있음
20251	서울대입구역	67.3		1190	1368	21	41	178	1.5351	2.9971	4.5322	13.0117	-0.8850	-3.5196	-0.3600	1	1	서울대입구역[발달상권]	명칭 기반 대표상권 매칭이며 임대료 통계의 공간 경계와 정확히 같지 않을 수 있음
20252	서울대입구역	67.4		1189	1365	35	37	176	2.5641	2.7106	5.2747	12.8938	-0.0931	-0.3328	-0.9092	1	1	서울대입구역[발달상권]	명칭 기반 대표상권 매칭이며 임대료 통계의 공간 경계와 정확히 같지 않을 수 있음
20253	서울대입구역	67.5	0.2972	1193	1368	45	43	175	3.2895	3.1433	6.4327	12.7924	0.7709	1.6880	-0.6512	1	1	서울대입구역[발달상권]	명칭 기반 대표상권 매칭이며 임대료 통계의 공간 경계와 정확히 같지 않을 수 있음
20254	서울대입구역	68.4	1.4837	1181	1355	29	39	174	2.1402	2.8782	5.0185	12.8413	0.2864	-0.0211	-0.4056	1	1	서울대입구역[발달상권]	명칭 기반 대표상권 매칭이며 임대료 통계의 공간 경계와 정확히 같지 않을 수 있음
20261	서울대입구역	68.7	2.0802													1	0	서울대입구역[발달상권]	명칭 기반 대표상권 매칭이며 임대료 통계의 공간 경계와 정확히 같지 않을 수 있음
20211	성신여대			1493	1737	36	51	244	2.0725	2.9361	5.0086	14.0472				4	4	성신여대[발달상권] | 성신여대입구역 1번[골목상권] | 성신여대입구역 4번[골목상권] | 성신여대입구역 7번[골목상권]	명칭 기반 대표상권 매칭이며 임대료 통계의 공간 경계와 정확히 같지 않을 수 있음
20212	성신여대			1499	1749	80	68	250	4.5740	3.8879	8.4620	14.2939				4	4	성신여대[발달상권] | 성신여대입구역 1번[골목상권] | 성신여대입구역 4번[골목상권] | 성신여대입구역 7번[골목상권]	명칭 기반 대표상권 매칭이며 임대료 통계의 공간 경계와 정확히 같지 않을 수 있음
20213	성신여대			1493	1733	46	62	240	2.6544	3.5776	6.2320	13.8488				4	4	성신여대[발달상권] | 성신여대입구역 1번[골목상권] | 성신여대입구역 4번[골목상권] | 성신여대입구역 7번[골목상권]	명칭 기반 대표상권 매칭이며 임대료 통계의 공간 경계와 정확히 같지 않을 수 있음
20214	성신여대			1509	1754	77	56	245	4.3900	3.1927	7.5827	13.9681				4	4	성신여대[발달상권] | 성신여대입구역 1번[골목상권] | 성신여대입구역 4번[골목상권] | 성신여대입구역 7번[골목상권]	명칭 기반 대표상권 매칭이며 임대료 통계의 공간 경계와 정확히 같지 않을 수 있음
20221	성신여대			1530	1778	57	33	248	3.2058	1.8560	5.0619	13.9483	-1.0801	0.0532	-0.0990	4	4	성신여대[발달상권] | 성신여대입구역 1번[골목상권] | 성신여대입구역 4번[골목상권] | 성신여대입구역 7번[골목상권]	명칭 기반 대표상권 매칭이며 임대료 통계의 공간 경계와 정확히 같지 않을 수 있음
20222	성신여대			1538	1787	57	48	249	3.1897	2.6861	5.8758	13.9340	-1.2019	-2.5862	-0.3599	4	4	성신여대[발달상권] | 성신여대입구역 1번[골목상권] | 성신여대입구역 4번[골목상권] | 성신여대입구역 7번[골목상권]	명칭 기반 대표상권 매칭이며 임대료 통계의 공간 경계와 정확히 같지 않을 수 있음
20223	성신여대			1559	1807	63	43	248	3.4864	2.3796	5.8661	13.7244	-1.1980	-0.3659	-0.1244	4	4	성신여대[발달상권] | 성신여대입구역 1번[골목상권] | 성신여대입구역 4번[골목상권] | 성신여대입구역 7번[골목상권]	명칭 기반 대표상권 매칭이며 임대료 통계의 공간 경계와 정확히 같지 않을 수 있음
20224	성신여대			1587	1841	84	50	254	4.5627	2.7159	7.2787	13.7968	-0.4768	-0.3040	-0.1712	4	4	성신여대[발달상권] | 성신여대입구역 1번[골목상권] | 성신여대입구역 4번[골목상권] | 성신여대입구역 7번[골목상권]	명칭 기반 대표상권 매칭이며 임대료 통계의 공간 경계와 정확히 같지 않을 수 있음
20231	성신여대			1580	1833	57	65	253	3.1097	3.5461	6.6558	13.8025	1.6901	1.5939	-0.1457	4	4	성신여대[발달상권] | 성신여대입구역 1번[골목상권] | 성신여대입구역 4번[골목상권] | 성신여대입구역 7번[골목상권]	명칭 기반 대표상권 매칭이며 임대료 통계의 공간 경계와 정확히 같지 않을 수 있음
20232	성신여대			1566	1830	70	73	264	3.8251	3.9891	7.8142	14.4262	1.3030	1.9384	0.4923	4	4	성신여대[발달상권] | 성신여대입구역 1번[골목상권] | 성신여대입구역 4번[골목상권] | 성신여대입구역 7번[골목상권]	명칭 기반 대표상권 매칭이며 임대료 통계의 공간 경계와 정확히 같지 않을 수 있음
20233	성신여대			1587	1848	71	53	261	3.8420	2.8680	6.7100	14.1234	0.4883	0.8439	0.3990	4	4	성신여대[발달상권] | 성신여대입구역 1번[골목상권] | 성신여대입구역 4번[골목상권] | 성신여대입구역 7번[골목상권]	명칭 기반 대표상권 매칭이며 임대료 통계의 공간 경계와 정확히 같지 않을 수 있음
20234	성신여대			1584	1844	57	61	260	3.0911	3.3080	6.3991	14.0998	0.5921	-0.8795	0.3029	4	4	성신여대[발달상권] | 성신여대입구역 1번[골목상권] | 성신여대입구역 4번[골목상권] | 성신여대입구역 7번[골목상권]	명칭 기반 대표상권 매칭이며 임대료 통계의 공간 경계와 정확히 같지 않을 수 있음
20241	성신여대			1593	1848	68	64	255	3.6797	3.4632	7.1429	13.7987	-0.0829	0.4871	-0.0038	4	4	성신여대[발달상권] | 성신여대입구역 1번[골목상권] | 성신여대입구역 4번[골목상권] | 성신여대입구역 7번[골목상권]	명칭 기반 대표상권 매칭이며 임대료 통계의 공간 경계와 정확히 같지 않을 수 있음
20242	성신여대			1592	1843	58	63	251	3.1470	3.4183	6.5654	13.6191	-0.5707	-1.2488	-0.8071	4	4	성신여대[발달상권] | 성신여대입구역 1번[골목상권] | 성신여대입구역 4번[골목상권] | 성신여대입구역 7번[골목상권]	명칭 기반 대표상권 매칭이며 임대료 통계의 공간 경계와 정확히 같지 않을 수 있음
20243	성신여대	58.2		1578	1828	37	52	250	2.0241	2.8446	4.8687	13.6761	-0.0233	-1.8412	-0.4472	4	4	성신여대[발달상권] | 성신여대입구역 1번[골목상권] | 성신여대입구역 4번[골목상권] | 성신여대입구역 7번[골목상권]	명칭 기반 대표상권 매칭이며 임대료 통계의 공간 경계와 정확히 같지 않을 수 있음
20244	성신여대	58.4		1583	1825	63	66	242	3.4521	3.6164	7.0685	13.2603	0.3084	0.6694	-0.8395	4	4	성신여대[발달상권] | 성신여대입구역 1번[골목상권] | 성신여대입구역 4번[골목상권] | 성신여대입구역 7번[골목상권]	명칭 기반 대표상권 매칭이며 임대료 통계의 공간 경계와 정확히 같지 않을 수 있음
20251	성신여대	58.3		1584	1827	52	47	243	2.8462	2.5725	5.4187	13.3005	-0.8907	-1.7241	-0.4982	4	4	성신여대[발달상권] | 성신여대입구역 1번[골목상권] | 성신여대입구역 4번[골목상권] | 성신여대입구역 7번[골목상권]	명칭 기반 대표상권 매칭이며 임대료 통계의 공간 경계와 정확히 같지 않을 수 있음
20252	성신여대	58.4		1594	1829	60	59	235	3.2805	3.2258	6.5063	12.8486	-0.1925	-0.0591	-0.7705	4	4	성신여대[발달상권] | 성신여대입구역 1번[골목상권] | 성신여대입구역 4번[골목상권] | 성신여대입구역 7번[골목상권]	명칭 기반 대표상권 매칭이며 임대료 통계의 공간 경계와 정확히 같지 않을 수 있음
20253	성신여대	58.3	0.1718	1589	1818	50	61	229	2.7503	3.3553	6.1056	12.5963	0.5107	1.2369	-1.0799	4	4	성신여대[발달상권] | 성신여대입구역 1번[골목상권] | 성신여대입구역 4번[골목상권] | 성신여대입구역 7번[골목상권]	명칭 기반 대표상권 매칭이며 임대료 통계의 공간 경계와 정확히 같지 않을 수 있음
20254	성신여대	58.3	-0.1712	1586	1810	43	52	224	2.3757	2.8729	5.2486	12.3757	-0.7435	-1.8199	-0.8846	4	4	성신여대[발달상권] | 성신여대입구역 1번[골목상권] | 성신여대입구역 4번[골목상권] | 성신여대입구역 7번[골목상권]	명칭 기반 대표상권 매칭이며 임대료 통계의 공간 경계와 정확히 같지 않을 수 있음
20261	성신여대	58.3	0.0000													4	0	성신여대[발달상권] | 성신여대입구역 1번[골목상권] | 성신여대입구역 4번[골목상권] | 성신여대입구역 7번[골목상권]	명칭 기반 대표상권 매칭이며 임대료 통계의 공간 경계와 정확히 같지 않을 수 있음
20211	수유			1517	1716	51	44	199	2.9720	2.5641	5.5361	11.5967				1	1	수유역[발달상권]	명칭 기반 대표상권 매칭이며 임대료 통계의 공간 경계와 정확히 같지 않을 수 있음
20212	수유			1525	1723	79	72	198	4.5850	4.1788	8.7638	11.4916				1	1	수유역[발달상권]	명칭 기반 대표상권 매칭이며 임대료 통계의 공간 경계와 정확히 같지 않을 수 있음
20213	수유			1526	1723	49	49	197	2.8439	2.8439	5.6878	11.4335				1	1	수유역[발달상권]	명칭 기반 대표상권 매칭이며 임대료 통계의 공간 경계와 정확히 같지 않을 수 있음
20214	수유			1549	1750	68	41	201	3.8857	2.3429	6.2286	11.4857				1	1	수유역[발달상권]	명칭 기반 대표상권 매칭이며 임대료 통계의 공간 경계와 정확히 같지 않을 수 있음
20221	수유			1551	1755	45	40	204	2.5641	2.2792	4.8433	11.6239	-0.2849	-0.6928	0.0272	1	1	수유역[발달상권]	명칭 기반 대표상권 매칭이며 임대료 통계의 공간 경계와 정확히 같지 않을 수 있음
20222	수유			1569	1784	67	38	215	3.7556	2.1300	5.8857	12.0516	-2.0487	-2.8781	0.5600	1	1	수유역[발달상권]	명칭 기반 대표상권 매칭이며 임대료 통계의 공간 경계와 정확히 같지 않을 수 있음
20223	수유			1553	1772	58	70	219	3.2731	3.9503	7.2235	12.3589	1.1065	1.5357	0.9254	1	1	수유역[발달상권]	명칭 기반 대표상권 매칭이며 임대료 통계의 공간 경계와 정확히 같지 않을 수 있음
20224	수유			1579	1810	90	52	231	4.9724	2.8729	7.8453	12.7624	0.5301	1.6167	1.2767	1	1	수유역[발달상권]	명칭 기반 대표상권 매칭이며 임대료 통계의 공간 경계와 정확히 같지 않을 수 있음
20231	수유			1591	1825	74	59	234	4.0548	3.2329	7.2877	12.8219	0.9537	2.4444	1.1980	1	1	수유역[발달상권]	명칭 기반 대표상권 매칭이며 임대료 통계의 공간 경계와 정확히 같지 않을 수 있음
20232	수유			1596	1836	68	57	240	3.7037	3.1046	6.8083	13.0719	0.9745	0.9226	1.0203	1	1	수유역[발달상권]	명칭 기반 대표상권 매칭이며 임대료 통계의 공간 경계와 정확히 같지 않을 수 있음
20233	수유			1617	1854	74	56	237	3.9914	3.0205	7.0119	12.7832	-0.9298	-0.2116	0.4243	1	1	수유역[발달상권]	명칭 기반 대표상권 매칭이며 임대료 통계의 공간 경계와 정확히 같지 않을 수 있음
20234	수유			1610	1847	53	60	237	2.8695	3.2485	6.1180	12.8316	0.3756	-1.7273	0.0692	1	1	수유역[발달상권]	명칭 기반 대표상권 매칭이며 임대료 통계의 공간 경계와 정확히 같지 않을 수 있음
20241	수유			1598	1833	55	69	235	3.0005	3.7643	6.7649	12.8205	0.5314	-0.5228	-0.0014	1	1	수유역[발달상권]	명칭 기반 대표상권 매칭이며 임대료 통계의 공간 경계와 정확히 같지 않을 수 있음
20242	수유			1606	1837	69	65	231	3.7561	3.5384	7.2945	12.5749	0.4338	0.4862	-0.4970	1	1	수유역[발달상권]	명칭 기반 대표상권 매칭이며 임대료 통계의 공간 경계와 정확히 같지 않을 수 있음
20243	수유	40.2		1612	1842	55	50	230	2.9859	2.7144	5.7003	12.4864	-0.3061	-1.3115	-0.2967	1	1	수유역[발달상권]	명칭 기반 대표상권 매칭이며 임대료 통계의 공간 경계와 정확히 같지 않을 수 있음
20244	수유	40.1		1599	1829	64	77	230	3.4992	4.2100	7.7091	12.5752	0.9614	1.5911	-0.2564	1	1	수유역[발달상권]	명칭 기반 대표상권 매칭이며 임대료 통계의 공간 경계와 정확히 같지 않을 수 있음
20251	수유	40.0		1588	1819	43	51	231	2.3639	2.8037	5.1677	12.6993	-0.9606	-1.5972	-0.1212	1	1	수유역[발달상권]	명칭 기반 대표상권 매칭이며 임대료 통계의 공간 경계와 정확히 같지 않을 수 있음
20252	수유	39.1		1570	1797	54	75	227	3.0050	4.1736	7.1786	12.6322	0.6352	-0.1159	0.0573	1	1	수유역[발달상권]	명칭 기반 대표상권 매칭이며 임대료 통계의 공간 경계와 정확히 같지 않을 수 있음
20253	수유	39.1	-2.7363	1575	1803	57	50	228	3.1614	2.7732	5.9346	12.6456	0.0587	0.2342	0.1592	1	1	수유역[발달상권]	명칭 기반 대표상권 매칭이며 임대료 통계의 공간 경계와 정확히 같지 않을 수 있음
20254	수유	39.1	-2.4938	1575	1802	55	55	227	3.0522	3.0522	6.1043	12.5971	-1.1578	-1.6048	0.0219	1	1	수유역[발달상권]	명칭 기반 대표상권 매칭이며 임대료 통계의 공간 경계와 정확히 같지 않을 수 있음
20261	수유	39.6	-1.0000													1	0	수유역[발달상권]	명칭 기반 대표상권 매칭이며 임대료 통계의 공간 경계와 정확히 같지 않을 수 있음
20211	숙명여대			774	920	20	23	146	2.1739	2.5000	4.6739	15.8696				3	3	숙대입구[골목상권] | 숙대입구역 1번[골목상권] | 숙대입구역(남영역, 남영동)[발달상권]	명칭 기반 대표상권 매칭이며 임대료 통계의 공간 경계와 정확히 같지 않을 수 있음
20212	숙명여대			772	922	40	38	150	4.3384	4.1215	8.4599	16.2690				3	3	숙대입구[골목상권] | 숙대입구역 1번[골목상권] | 숙대입구역(남영역, 남영동)[발달상권]	명칭 기반 대표상권 매칭이며 임대료 통계의 공간 경계와 정확히 같지 않을 수 있음
20213	숙명여대			776	927	34	29	151	3.6677	3.1284	6.7961	16.2891				3	3	숙대입구[골목상권] | 숙대입구역 1번[골목상권] | 숙대입구역(남영역, 남영동)[발달상권]	명칭 기반 대표상권 매칭이며 임대료 통계의 공간 경계와 정확히 같지 않을 수 있음
20214	숙명여대			797	947	36	16	150	3.8015	1.6895	5.4910	15.8395				3	3	숙대입구[골목상권] | 숙대입구역 1번[골목상권] | 숙대입구역(남영역, 남영동)[발달상권]	명칭 기반 대표상권 매칭이며 임대료 통계의 공간 경계와 정확히 같지 않을 수 있음
20221	숙명여대			795	946	25	26	151	2.6427	2.7484	5.3911	15.9619	0.2484	0.7172	0.0924	3	3	숙대입구[골목상권] | 숙대입구역 1번[골목상권] | 숙대입구역(남영역, 남영동)[발달상권]	명칭 기반 대표상권 매칭이며 임대료 통계의 공간 경계와 정확히 같지 않을 수 있음
20222	숙명여대			802	956	23	13	154	2.4059	1.3598	3.7657	16.1088	-2.7616	-4.6942	-0.1602	3	3	숙대입구[골목상권] | 숙대입구역 1번[골목상권] | 숙대입구역(남영역, 남영동)[발달상권]	명칭 기반 대표상권 매칭이며 임대료 통계의 공간 경계와 정확히 같지 않을 수 있음
20223	숙명여대			798	955	28	29	157	2.9319	3.0366	5.9686	16.4398	-0.0917	-0.8275	0.1507	3	3	숙대입구[골목상권] | 숙대입구역 1번[골목상권] | 숙대입구역(남영역, 남영동)[발달상권]	명칭 기반 대표상권 매칭이며 임대료 통계의 공간 경계와 정확히 같지 않을 수 있음
20224	숙명여대			824	981	57	31	157	5.8104	3.1600	8.9704	16.0041	1.4705	3.4794	0.1646	3	3	숙대입구[골목상권] | 숙대입구역 1번[골목상권] | 숙대입구역(남영역, 남영동)[발달상권]	명칭 기반 대표상권 매칭이며 임대료 통계의 공간 경계와 정확히 같지 않을 수 있음
20231	숙명여대			837	995	53	39	158	5.3266	3.9196	9.2462	15.8794	1.1712	3.8551	-0.0825	3	3	숙대입구[골목상권] | 숙대입구역 1번[골목상권] | 숙대입구역(남영역, 남영동)[발달상권]	명칭 기반 대표상권 매칭이며 임대료 통계의 공간 경계와 정확히 같지 않을 수 있음
20232	숙명여대			852	1008	40	27	156	3.9683	2.6786	6.6468	15.4762	1.3187	2.8811	-0.6326	3	3	숙대입구[골목상권] | 숙대입구역 1번[골목상권] | 숙대입구역(남영역, 남영동)[발달상권]	명칭 기반 대표상권 매칭이며 임대료 통계의 공간 경계와 정확히 같지 않을 수 있음
20233	숙명여대			870	1031	48	25	161	4.6557	2.4248	7.0805	15.6159	-0.6118	1.1119	-0.8239	3	3	숙대입구[골목상권] | 숙대입구역 1번[골목상권] | 숙대입구역(남영역, 남영동)[발달상권]	명칭 기반 대표상권 매칭이며 임대료 통계의 공간 경계와 정확히 같지 않을 수 있음
20234	숙명여대			867	1027	25	29	160	2.4343	2.8238	5.2580	15.5794	-0.3363	-3.7124	-0.4247	3	3	숙대입구[골목상권] | 숙대입구역 1번[골목상권] | 숙대입구역(남영역, 남영동)[발달상권]	명칭 기반 대표상권 매칭이며 임대료 통계의 공간 경계와 정확히 같지 않을 수 있음
20241	숙명여대			860	1025	27	29	165	2.6341	2.8293	5.4634	16.0976	-1.0903	-3.7828	0.2182	3	3	숙대입구[골목상권] | 숙대입구역 1번[골목상권] | 숙대입구역(남영역, 남영동)[발달상권]	명칭 기반 대표상권 매칭이며 임대료 통계의 공간 경계와 정확히 같지 않을 수 있음
20242	숙명여대			857	1021	27	31	164	2.6445	3.0362	5.6807	16.0627	0.3577	-0.9661	0.5865	3	3	숙대입구[골목상권] | 숙대입구역 1번[골목상권] | 숙대입구역(남영역, 남영동)[발달상권]	명칭 기반 대표상권 매칭이며 임대료 통계의 공간 경계와 정확히 같지 않을 수 있음
20243	숙명여대	45.3		851	1013	26	34	162	2.5666	3.3564	5.9230	15.9921	0.9315	-1.1575	0.3762	3	3	숙대입구[골목상권] | 숙대입구역 1번[골목상권] | 숙대입구역(남영역, 남영동)[발달상권]	명칭 기반 대표상권 매칭이며 임대료 통계의 공간 경계와 정확히 같지 않을 수 있음
20244	숙명여대	45.3		843	1000	18	31	157	1.8000	3.1000	4.9000	15.7000	0.2762	-0.3580	0.1206	3	3	숙대입구[골목상권] | 숙대입구역 1번[골목상권] | 숙대입구역(남영역, 남영동)[발달상권]	명칭 기반 대표상권 매칭이며 임대료 통계의 공간 경계와 정확히 같지 않을 수 있음
20251	숙명여대	45.3		835	994	23	31	159	2.3139	3.1187	5.4326	15.9960	0.2894	-0.0308	-0.1016	3	3	숙대입구[골목상권] | 숙대입구역 1번[골목상권] | 숙대입구역(남영역, 남영동)[발달상권]	명칭 기반 대표상권 매칭이며 임대료 통계의 공간 경계와 정확히 같지 않을 수 있음
20252	숙명여대	45.4		831	988	21	24	157	2.1255	2.4291	4.5547	15.8907	-0.6071	-1.1260	-0.1720	3	3	숙대입구[골목상권] | 숙대입구역 1번[골목상권] | 숙대입구역(남영역, 남영동)[발달상권]	명칭 기반 대표상권 매칭이며 임대료 통계의 공간 경계와 정확히 같지 않을 수 있음
20253	숙명여대	44.5	-1.7660	830	984	29	32	154	2.9472	3.2520	6.1992	15.6504	-0.1043	0.2762	-0.3417	3	3	숙대입구[골목상권] | 숙대입구역 1번[골목상권] | 숙대입구역(남영역, 남영동)[발달상권]	명칭 기반 대표상권 매칭이며 임대료 통계의 공간 경계와 정확히 같지 않을 수 있음
20254	숙명여대	44.6	-1.5453	836	987	25	23	151	2.5329	2.3303	4.8632	15.2989	-0.7697	-0.0368	-0.4011	3	3	숙대입구[골목상권] | 숙대입구역 1번[골목상권] | 숙대입구역(남영역, 남영동)[발달상권]	명칭 기반 대표상권 매칭이며 임대료 통계의 공간 경계와 정확히 같지 않을 수 있음
20261	숙명여대	44.9	-0.8830													3	0	숙대입구[골목상권] | 숙대입구역 1번[골목상권] | 숙대입구역(남영역, 남영동)[발달상권]	명칭 기반 대표상권 매칭이며 임대료 통계의 공간 경계와 정확히 같지 않을 수 있음
20211	신림역			1787	2001	65	78	214	3.2484	3.8981	7.1464	10.6947				4	4	신림역(신림)[발달상권] | 신림역 1번[골목상권] | 신림역 5번(신림동주민센터, 신림동별빛거리)[골목상권] | 신림역 8번[골목상권]	명칭 기반 대표상권 매칭이며 임대료 통계의 공간 경계와 정확히 같지 않을 수 있음
20212	신림역			1805	2011	94	84	206	4.6743	4.1770	8.8513	10.2437				4	4	신림역(신림)[발달상권] | 신림역 1번[골목상권] | 신림역 5번(신림동주민센터, 신림동별빛거리)[골목상권] | 신림역 8번[골목상권]	명칭 기반 대표상권 매칭이며 임대료 통계의 공간 경계와 정확히 같지 않을 수 있음
20213	신림역			1815	2030	84	65	215	4.1379	3.2020	7.3399	10.5911				4	4	신림역(신림)[발달상권] | 신림역 1번[골목상권] | 신림역 5번(신림동주민센터, 신림동별빛거리)[골목상권] | 신림역 8번[골목상권]	명칭 기반 대표상권 매칭이며 임대료 통계의 공간 경계와 정확히 같지 않을 수 있음
20214	신림역			1863	2091	114	53	228	5.4519	2.5347	7.9866	10.9039				4	4	신림역(신림)[발달상권] | 신림역 1번[골목상권] | 신림역 5번(신림동주민센터, 신림동별빛거리)[골목상권] | 신림역 8번[골목상권]	명칭 기반 대표상권 매칭이며 임대료 통계의 공간 경계와 정확히 같지 않을 수 있음
20221	신림역			1862	2090	58	59	228	2.7751	2.8230	5.5981	10.9091	-1.0751	-1.5483	0.2144	4	4	신림역(신림)[발달상권] | 신림역 1번[골목상권] | 신림역 5번(신림동주민센터, 신림동별빛거리)[골목상권] | 신림역 8번[골목상권]	명칭 기반 대표상권 매칭이며 임대료 통계의 공간 경계와 정확히 같지 않을 수 있음
20222	신림역			1854	2081	34	43	227	1.6338	2.0663	3.7001	10.9082	-2.1107	-5.1512	0.6646	4	4	신림역(신림)[발달상권] | 신림역 1번[골목상권] | 신림역 5번(신림동주민센터, 신림동별빛거리)[골목상권] | 신림역 8번[골목상권]	명칭 기반 대표상권 매칭이며 임대료 통계의 공간 경계와 정확히 같지 않을 수 있음
20223	신림역			1827	2056	54	79	229	2.6265	3.8424	6.4689	11.1381	0.6404	-0.8710	0.5470	4	4	신림역(신림)[발달상권] | 신림역 1번[골목상권] | 신림역 5번(신림동주민센터, 신림동별빛거리)[골목상권] | 신림역 8번[골목상권]	명칭 기반 대표상권 매칭이며 임대료 통계의 공간 경계와 정확히 같지 않을 수 있음
20224	신림역			1852	2084	101	73	232	4.8464	3.5029	8.3493	11.1324	0.9682	0.3627	0.2286	4	4	신림역(신림)[발달상권] | 신림역 1번[골목상권] | 신림역 5번(신림동주민센터, 신림동별빛거리)[골목상권] | 신림역 8번[골목상권]	명칭 기반 대표상권 매칭이며 임대료 통계의 공간 경계와 정확히 같지 않을 수 있음
20231	신림역			1860	2090	84	78	230	4.0191	3.7321	7.7512	11.0048	0.9091	2.1531	0.0957	4	4	신림역(신림)[발달상권] | 신림역 1번[골목상권] | 신림역 5번(신림동주민센터, 신림동별빛거리)[골목상권] | 신림역 8번[골목상권]	명칭 기반 대표상권 매칭이며 임대료 통계의 공간 경계와 정확히 같지 않을 수 있음
20232	신림역			1883	2113	85	62	230	4.0227	2.9342	6.9569	10.8850	0.8679	3.2568	-0.0232	4	4	신림역(신림)[발달상권] | 신림역 1번[골목상권] | 신림역 5번(신림동주민센터, 신림동별빛거리)[골목상권] | 신림역 8번[골목상권]	명칭 기반 대표상권 매칭이며 임대료 통계의 공간 경계와 정확히 같지 않을 수 있음
20233	신림역			1898	2124	83	72	226	3.9077	3.3898	7.2976	10.6403	-0.4526	0.8287	-0.4978	4	4	신림역(신림)[발달상권] | 신림역 1번[골목상권] | 신림역 5번(신림동주민센터, 신림동별빛거리)[골목상권] | 신림역 8번[골목상권]	명칭 기반 대표상권 매칭이며 임대료 통계의 공간 경계와 정확히 같지 않을 수 있음
20234	신림역			1897	2115	66	75	218	3.1206	3.5461	6.6667	10.3073	0.0432	-1.6827	-0.8251	4	4	신림역(신림)[발달상권] | 신림역 1번[골목상권] | 신림역 5번(신림동주민센터, 신림동별빛거리)[골목상권] | 신림역 8번[골목상권]	명칭 기반 대표상권 매칭이며 임대료 통계의 공간 경계와 정확히 같지 않을 수 있음
20241	신림역			1881	2098	74	91	217	3.5272	4.3375	7.8646	10.3432	0.6054	0.1134	-0.6616	4	4	신림역(신림)[발달상권] | 신림역 1번[골목상권] | 신림역 5번(신림동주민센터, 신림동별빛거리)[골목상권] | 신림역 8번[골목상권]	명칭 기반 대표상권 매칭이며 임대료 통계의 공간 경계와 정확히 같지 않을 수 있음
20242	신림역			1864	2082	69	85	218	3.3141	4.0826	7.3967	10.4707	1.1484	0.4398	-0.4143	4	4	신림역(신림)[발달상권] | 신림역 1번[골목상권] | 신림역 5번(신림동주민센터, 신림동별빛거리)[골목상권] | 신림역 8번[골목상권]	명칭 기반 대표상권 매칭이며 임대료 통계의 공간 경계와 정확히 같지 않을 수 있음
20243	신림역	67.4		1837	2053	51	80	216	2.4842	3.8967	6.3809	10.5212	0.5069	-0.9166	-0.1191	4	4	신림역(신림)[발달상권] | 신림역 1번[골목상권] | 신림역 5번(신림동주민센터, 신림동별빛거리)[골목상권] | 신림역 8번[골목상권]	명칭 기반 대표상권 매칭이며 임대료 통계의 공간 경계와 정확히 같지 않을 수 있음
20244	신림역	67.3		1832	2049	59	64	217	2.8795	3.1235	6.0029	10.5905	-0.4226	-0.6637	0.2832	4	4	신림역(신림)[발달상권] | 신림역 1번[골목상권] | 신림역 5번(신림동주민센터, 신림동별빛거리)[골목상권] | 신림역 8번[골목상권]	명칭 기반 대표상권 매칭이며 임대료 통계의 공간 경계와 정확히 같지 않을 수 있음
20251	신림역	66.9		1798	2013	35	71	215	1.7387	3.5271	5.2658	10.6806	-0.8104	-2.5989	0.3374	4	4	신림역(신림)[발달상권] | 신림역 1번[골목상권] | 신림역 5번(신림동주민센터, 신림동별빛거리)[골목상권] | 신림역 8번[골목상권]	명칭 기반 대표상권 매칭이며 임대료 통계의 공간 경계와 정확히 같지 않을 수 있음
20252	신림역	66.9		1768	1983	65	94	215	3.2779	4.7403	8.0182	10.8422	0.6577	0.6214	0.3715	4	4	신림역(신림)[발달상권] | 신림역 1번[골목상권] | 신림역 5번(신림동주민센터, 신림동별빛거리)[골목상권] | 신림역 8번[골목상권]	명칭 기반 대표상권 매칭이며 임대료 통계의 공간 경계와 정확히 같지 않을 수 있음
20253	신림역	67.0	-0.5935	1761	1977	68	73	216	3.4396	3.6925	7.1320	10.9256	-0.2043	0.7511	0.4045	4	4	신림역(신림)[발달상권] | 신림역 1번[골목상권] | 신림역 5번(신림동주민센터, 신림동별빛거리)[골목상권] | 신림역 8번[골목상권]	명칭 기반 대표상권 매칭이며 임대료 통계의 공간 경계와 정확히 같지 않을 수 있음
20254	신림역	67.7	0.5944	1759	1973	43	47	214	2.1794	2.3822	4.5616	10.8464	-0.7413	-1.4413	0.2559	4	4	신림역(신림)[발달상권] | 신림역 1번[골목상권] | 신림역 5번(신림동주민센터, 신림동별빛거리)[골목상권] | 신림역 8번[골목상권]	명칭 기반 대표상권 매칭이며 임대료 통계의 공간 경계와 정확히 같지 않을 수 있음
20261	신림역	67.8	1.3453													4	0	신림역(신림)[발달상권] | 신림역 1번[골목상권] | 신림역 5번(신림동주민센터, 신림동별빛거리)[골목상권] | 신림역 8번[골목상권]	명칭 기반 대표상권 매칭이며 임대료 통계의 공간 경계와 정확히 같지 않을 수 있음
20211	약수역			554	637	12	14	83	1.8838	2.1978	4.0816	13.0298				2	2	약수역[발달상권] | 약수역 7번[골목상권]	명칭 기반 대표상권 매칭이며 임대료 통계의 공간 경계와 정확히 같지 않을 수 있음
20212	약수역			553	632	11	16	79	1.7405	2.5316	4.2722	12.5000				2	2	약수역[발달상권] | 약수역 7번[골목상권]	명칭 기반 대표상권 매칭이며 임대료 통계의 공간 경계와 정확히 같지 않을 수 있음
20213	약수역			559	639	22	15	80	3.4429	2.3474	5.7903	12.5196				2	2	약수역[발달상권] | 약수역 7번[골목상권]	명칭 기반 대표상권 매칭이며 임대료 통계의 공간 경계와 정확히 같지 않을 수 있음
20214	약수역			564	643	19	15	79	2.9549	2.3328	5.2877	12.2862				2	2	약수역[발달상권] | 약수역 7번[골목상권]	명칭 기반 대표상권 매칭이며 임대료 통계의 공간 경계와 정확히 같지 않을 수 있음
20221	약수역			567	645	13	11	78	2.0155	1.7054	3.7209	12.0930	-0.4924	-0.3607	-0.9368	2	2	약수역[발달상권] | 약수역 7번[골목상권]	명칭 기반 대표상권 매칭이며 임대료 통계의 공간 경계와 정확히 같지 않을 수 있음
20222	약수역			577	656	18	7	79	2.7439	1.0671	3.8110	12.0427	-1.4646	-0.4612	-0.4573	2	2	약수역[발달상권] | 약수역 7번[골목상권]	명칭 기반 대표상권 매칭이며 임대료 통계의 공간 경계와 정확히 같지 않을 수 있음
20223	약수역			572	651	17	22	79	2.6114	3.3794	5.9908	12.1352	1.0320	0.2005	-0.3844	2	2	약수역[발달상권] | 약수역 7번[골목상권]	명칭 기반 대표상권 매칭이며 임대료 통계의 공간 경계와 정확히 같지 않을 수 있음
20224	약수역			586	662	22	11	76	3.3233	1.6616	4.9849	11.4804	-0.6712	-0.3028	-0.8058	2	2	약수역[발달상권] | 약수역 7번[골목상권]	명칭 기반 대표상권 매칭이며 임대료 통계의 공간 경계와 정확히 같지 않을 수 있음
20231	약수역			589	669	20	13	80	2.9895	1.9432	4.9327	11.9581	0.2378	1.2118	-0.1349	2	2	약수역[발달상권] | 약수역 7번[골목상권]	명칭 기반 대표상권 매칭이며 임대료 통계의 공간 경계와 정확히 같지 않을 수 있음
20232	약수역			596	675	17	11	79	2.5185	1.6296	4.1481	11.7037	0.5626	0.3372	-0.3390	2	2	약수역[발달상권] | 약수역 7번[골목상권]	명칭 기반 대표상권 매칭이며 임대료 통계의 공간 경계와 정확히 같지 않을 수 있음
20233	약수역			604	681	24	18	77	3.5242	2.6432	6.1674	11.3069	-0.7362	0.1766	-0.8283	2	2	약수역[발달상권] | 약수역 7번[골목상권]	명칭 기반 대표상권 매칭이며 임대료 통계의 공간 경계와 정확히 같지 않을 수 있음
20234	약수역			606	682	13	12	76	1.9062	1.7595	3.6657	11.1437	0.0979	-1.3192	-0.3367	2	2	약수역[발달상권] | 약수역 7번[골목상권]	명칭 기반 대표상권 매칭이며 임대료 통계의 공간 경계와 정확히 같지 않을 수 있음
20241	약수역			600	676	6	12	76	0.8876	1.7751	2.6627	11.2426	-0.1681	-2.2700	-0.7155	2	2	약수역[발달상권] | 약수역 7번[골목상권]	명칭 기반 대표상권 매칭이며 임대료 통계의 공간 경계와 정확히 같지 않을 수 있음
20242	약수역			594	668	9	17	74	1.3473	2.5449	3.8922	11.0778	0.9153	-0.2559	-0.6259	2	2	약수역[발달상권] | 약수역 7번[골목상권]	명칭 기반 대표상권 매칭이며 임대료 통계의 공간 경계와 정확히 같지 않을 수 있음
20243	약수역	75.0		594	665	13	16	71	1.9549	2.4060	4.3609	10.6767	-0.2372	-1.8065	-0.6302	2	2	약수역[발달상권] | 약수역 7번[골목상권]	명칭 기반 대표상권 매칭이며 임대료 통계의 공간 경계와 정확히 같지 않을 수 있음
20244	약수역	74.9		594	663	18	19	69	2.7149	2.8658	5.5807	10.4072	1.1062	1.9150	-0.7365	2	2	약수역[발달상권] | 약수역 7번[골목상권]	명칭 기반 대표상권 매칭이며 임대료 통계의 공간 경계와 정확히 같지 않을 수 있음
20251	약수역	74.5		593	664	13	13	71	1.9578	1.9578	3.9157	10.6928	0.1827	1.2529	-0.5498	2	2	약수역[발달상권] | 약수역 7번[골목상권]	명칭 기반 대표상권 매칭이며 임대료 통계의 공간 경계와 정확히 같지 않을 수 있음
20252	약수역	74.4		593	662	10	12	69	1.5106	1.8127	3.3233	10.4230	-0.7322	-0.5690	-0.6549	2	2	약수역[발달상권] | 약수역 7번[골목상권]	명칭 기반 대표상권 매칭이며 임대료 통계의 공간 경계와 정확히 같지 않을 수 있음
20253	약수역	74.3	-0.9333	588	656	11	17	68	1.6768	2.5915	4.2683	10.3659	0.1854	-0.0926	-0.3108	2	2	약수역[발달상권] | 약수역 7번[골목상권]	명칭 기반 대표상권 매칭이며 임대료 통계의 공간 경계와 정확히 같지 않을 수 있음
20254	약수역	74.5	-0.5340	586	650	13	19	64	2.0000	2.9231	4.9231	9.8462	0.0573	-0.6576	-0.5611	2	2	약수역[발달상권] | 약수역 7번[골목상권]	명칭 기반 대표상권 매칭이며 임대료 통계의 공간 경계와 정확히 같지 않을 수 있음
20261	약수역	74.9	0.5369													2	0	약수역[발달상권] | 약수역 7번[골목상권]	명칭 기반 대표상권 매칭이며 임대료 통계의 공간 경계와 정확히 같지 않을 수 있음
20211	연신내			522	597	16	11	75	2.6801	1.8425	4.5226	12.5628				1	1	연신내역[발달상권]	명칭 기반 대표상권 매칭이며 임대료 통계의 공간 경계와 정확히 같지 않을 수 있음
20212	연신내			523	596	21	22	73	3.5235	3.6913	7.2148	12.2483				1	1	연신내역[발달상권]	명칭 기반 대표상권 매칭이며 임대료 통계의 공간 경계와 정확히 같지 않을 수 있음
20213	연신내			519	593	13	16	74	2.1922	2.6981	4.8904	12.4789				1	1	연신내역[발달상권]	명칭 기반 대표상권 매칭이며 임대료 통계의 공간 경계와 정확히 같지 않을 수 있음
20214	연신내			525	600	18	11	75	3.0000	1.8333	4.8333	12.5000				1	1	연신내역[발달상권]	명칭 기반 대표상권 매칭이며 임대료 통계의 공간 경계와 정확히 같지 않을 수 있음
20221	연신내			514	588	9	21	74	1.5306	3.5714	5.1020	12.5850	1.7289	0.5794	0.0222	1	1	연신내역[발달상권]	명칭 기반 대표상권 매칭이며 임대료 통계의 공간 경계와 정확히 같지 않을 수 있음
20222	연신내			523	599	19	8	76	3.1720	1.3356	4.5075	12.6878	-2.3557	-2.7073	0.4395	1	1	연신내역[발달상권]	명칭 기반 대표상권 매칭이며 임대료 통계의 공간 경계와 정확히 같지 않을 수 있음
20223	연신내			521	596	11	14	75	1.8456	2.3490	4.1946	12.5839	-0.3492	-0.6958	0.1050	1	1	연신내역[발달상권]	명칭 기반 대표상권 매칭이며 임대료 통계의 공간 경계와 정확히 같지 않을 수 있음
20224	연신내			530	603	24	17	73	3.9801	2.8192	6.7993	12.1061	0.9859	1.9660	-0.3939	1	1	연신내역[발달상권]	명칭 기반 대표상권 매칭이며 임대료 통계의 공간 경계와 정확히 같지 않을 수 있음
20231	연신내			530	604	21	20	74	3.4768	3.3113	6.7881	12.2517	-0.2602	1.6860	-0.3334	1	1	연신내역[발달상권]	명칭 기반 대표상권 매칭이며 임대료 통계의 공간 경계와 정확히 같지 않을 수 있음
20232	연신내			532	606	14	12	74	2.3102	1.9802	4.2904	12.2112	0.6446	-0.2171	-0.4766	1	1	연신내역[발달상권]	명칭 기반 대표상권 매칭이며 임대료 통계의 공간 경계와 정확히 같지 않을 수 있음
20233	연신내			526	600	16	22	74	2.6667	3.6667	6.3333	12.3333	1.3177	2.1387	-0.2506	1	1	연신내역[발달상권]	명칭 기반 대표상권 매칭이며 임대료 통계의 공간 경계와 정확히 같지 않을 수 있음
20234	연신내			523	595	11	16	72	1.8487	2.6891	4.5378	12.1008	-0.1302	-2.2615	-0.0053	1	1	연신내역[발달상권]	명칭 기반 대표상권 매칭이며 임대료 통계의 공간 경계와 정확히 같지 않을 수 있음
20241	연신내			524	598	18	15	74	3.0100	2.5084	5.5184	12.3746	-0.8029	-1.2697	0.1229	1	1	연신내역[발달상권]	명칭 기반 대표상권 매칭이며 임대료 통계의 공간 경계와 정확히 같지 않을 수 있음
20242	연신내			523	594	15	19	71	2.5253	3.1987	5.7239	11.9529	1.2185	1.4335	-0.2584	1	1	연신내역[발달상권]	명칭 기반 대표상권 매칭이며 임대료 통계의 공간 경계와 정확히 같지 않을 수 있음
20243	연신내	44.7		518	587	18	25	69	3.0664	4.2589	7.3254	11.7547	0.5923	0.9920	-0.5786	1	1	연신내역[발달상권]	명칭 기반 대표상권 매칭이며 임대료 통계의 공간 경계와 정확히 같지 않을 수 있음
20244	연신내	44.7		507	576	9	20	69	1.5625	3.4722	5.0347	11.9792	0.7831	0.4969	-0.1217	1	1	연신내역[발달상권]	명칭 기반 대표상권 매칭이며 임대료 통계의 공간 경계와 정확히 같지 않을 수 있음
20251	연신내	44.6		499	572	14	18	73	2.4476	3.1469	5.5944	12.7622	0.6385	0.0760	0.3877	1	1	연신내역[발달상권]	명칭 기반 대표상권 매칭이며 임대료 통계의 공간 경계와 정확히 같지 않을 수 있음
20252	연신내	44.6		499	570	11	13	71	1.9298	2.2807	4.2105	12.4561	-0.9180	-1.5134	0.5033	1	1	연신내역[발달상권]	명칭 기반 대표상권 매칭이며 임대료 통계의 공간 경계와 정확히 같지 않을 수 있음
20253	연신내	44.5	-0.4474	501	571	13	12	70	2.2767	2.1016	4.3783	12.2592	-2.1574	-2.9471	0.5045	1	1	연신내역[발달상권]	명칭 기반 대표상권 매칭이며 임대료 통계의 공간 경계와 정확히 같지 않을 수 있음
20254	연신내	44.7	0.0000	500	569	10	13	69	1.7575	2.2847	4.0422	12.1265	-1.1875	-0.9925	0.1474	1	1	연신내역[발달상권]	명칭 기반 대표상권 매칭이며 임대료 통계의 공간 경계와 정확히 같지 않을 수 있음
20261	연신내	44.7	0.2242													1	0	연신내역[발달상권]	명칭 기반 대표상권 매칭이며 임대료 통계의 공간 경계와 정확히 같지 않을 수 있음
20211	오류동역			377	424	7	17	47	1.6509	4.0094	5.6604	11.0849				1	1	오류동역[발달상권]	명칭 기반 대표상권 매칭이며 임대료 통계의 공간 경계와 정확히 같지 않을 수 있음
20212	오류동역			380	425	13	12	45	3.0588	2.8235	5.8824	10.5882				1	1	오류동역[발달상권]	명칭 기반 대표상권 매칭이며 임대료 통계의 공간 경계와 정확히 같지 않을 수 있음
20213	오류동역			378	421	12	16	43	2.8504	3.8005	6.6508	10.2138				1	1	오류동역[발달상권]	명칭 기반 대표상권 매칭이며 임대료 통계의 공간 경계와 정확히 같지 않을 수 있음
20214	오류동역			385	430	20	11	45	4.6512	2.5581	7.2093	10.4651				1	1	오류동역[발달상권]	명칭 기반 대표상권 매칭이며 임대료 통계의 공간 경계와 정확히 같지 않을 수 있음
20221	오류동역			389	434	15	11	45	3.4562	2.5346	5.9908	10.3687	-1.4749	0.3304	-0.7162	1	1	오류동역[발달상권]	명칭 기반 대표상권 매칭이며 임대료 통계의 공간 경계와 정확히 같지 않을 수 있음
20222	오류동역			389	435	13	12	46	2.9885	2.7586	5.7471	10.5747	-0.0649	-0.1352	-0.0135	1	1	오류동역[발달상권]	명칭 기반 대표상권 매칭이며 임대료 통계의 공간 경계와 정확히 같지 않을 수 있음
20223	오류동역			392	438	15	12	46	3.4247	2.7397	6.1644	10.5023	-1.0607	-0.4864	0.2885	1	1	오류동역[발달상권]	명칭 기반 대표상권 매칭이며 임대료 통계의 공간 경계와 정확히 같지 않을 수 있음
20224	오류동역			407	451	29	16	44	6.4302	3.5477	9.9778	9.7561	0.9895	2.7685	-0.7090	1	1	오류동역[발달상권]	명칭 기반 대표상권 매칭이며 임대료 통계의 공간 경계와 정확히 같지 않을 수 있음
20231	오류동역			419	464	21	8	45	4.5259	1.7241	6.2500	9.6983	-0.8104	0.2592	-0.6704	1	1	오류동역[발달상권]	명칭 기반 대표상권 매칭이며 임대료 통계의 공간 경계와 정확히 같지 않을 수 있음
20232	오류동역			433	478	31	17	45	6.4854	3.5565	10.0418	9.4142	0.7979	4.2947	-1.1605	1	1	오류동역[발달상권]	명칭 기반 대표상권 매칭이며 임대료 통계의 공간 경계와 정확히 같지 않을 수 있음
20233	오류동역			449	496	31	13	47	6.2500	2.6210	8.8710	9.4758	-0.1188	2.7066	-1.0265	1	1	오류동역[발달상권]	명칭 기반 대표상권 매칭이며 임대료 통계의 공간 경계와 정확히 같지 않을 수 있음
20234	오류동역			455	502	18	12	47	3.5857	2.3904	5.9761	9.3625	-1.1572	-4.0017	-0.3935	1	1	오류동역[발달상권]	명칭 기반 대표상권 매칭이며 임대료 통계의 공간 경계와 정확히 같지 않을 수 있음
20241	오류동역			457	506	17	13	49	3.3597	2.5692	5.9289	9.6838	0.8450	-0.3211	-0.0145	1	1	오류동역[발달상권]	명칭 기반 대표상권 매칭이며 임대료 통계의 공간 경계와 정확히 같지 않을 수 있음
20242	오류동역			454	503	16	19	49	3.1809	3.7773	6.9583	9.7416	0.2209	-3.0836	0.3273	1	1	오류동역[발달상권]	명칭 기반 대표상권 매칭이며 임대료 통계의 공간 경계와 정확히 같지 않을 수 있음
20243	오류동역	55.7		440	490	7	20	50	1.4286	4.0816	5.5102	10.2041	1.4607	-3.3608	0.7283	1	1	오류동역[발달상권]	명칭 기반 대표상권 매칭이며 임대료 통계의 공간 경계와 정확히 같지 않을 수 있음
20244	오류동역	55.7		433	482	7	15	49	1.4523	3.1120	4.5643	10.1660	0.7216	-1.4118	0.8034	1	1	오류동역[발달상권]	명칭 기반 대표상권 매칭이며 임대료 통계의 공간 경계와 정확히 같지 않을 수 있음
20251	오류동역	55.5		427	476	7	13	49	1.4706	2.7311	4.2017	10.2941	0.1619	-1.7272	0.6103	1	1	오류동역[발달상권]	명칭 기반 대표상권 매칭이며 임대료 통계의 공간 경계와 정확히 같지 않을 수 있음
20252	오류동역	55.5		424	475	9	9	51	1.8947	1.8947	3.7895	10.7368	-1.8826	-3.1688	0.9953	1	1	오류동역[발달상권]	명칭 기반 대표상권 매칭이며 임대료 통계의 공간 경계와 정확히 같지 않을 수 있음
20253	오류동역	55.5	-0.3591	422	472	10	13	50	2.1186	2.7542	4.8729	10.5932	-1.3274	-0.6373	0.3891	1	1	오류동역[발달상권]	명칭 기반 대표상권 매칭이며 임대료 통계의 공간 경계와 정확히 같지 않을 수 있음
20254	오류동역	55.6	-0.1795	417	467	7	12	50	1.4989	2.5696	4.0685	10.7066	-0.5424	-0.4958	0.5407	1	1	오류동역[발달상권]	명칭 기반 대표상권 매칭이며 임대료 통계의 공간 경계와 정확히 같지 않을 수 있음
20261	오류동역	55.6	0.1802													1	0	오류동역[발달상권]	명칭 기반 대표상권 매칭이며 임대료 통계의 공간 경계와 정확히 같지 않을 수 있음
20211	왕십리			1058	1221	40	26	163	3.2760	2.1294	5.4054	13.3497				4	4	왕십리역(왕십리)[발달상권] | 왕십리역 9번[골목상권] | 상왕십리역 3번[골목상권] | 상왕십리역 6번[골목상권]	명칭 기반 대표상권 매칭이며 임대료 통계의 공간 경계와 정확히 같지 않을 수 있음
20212	왕십리			1054	1213	36	44	159	2.9678	3.6274	6.5952	13.1080				4	4	왕십리역(왕십리)[발달상권] | 왕십리역 9번[골목상권] | 상왕십리역 3번[골목상권] | 상왕십리역 6번[골목상권]	명칭 기반 대표상권 매칭이며 임대료 통계의 공간 경계와 정확히 같지 않을 수 있음
20213	왕십리			1057	1220	34	27	163	2.7869	2.2131	5.0000	13.3607				4	4	왕십리역(왕십리)[발달상권] | 왕십리역 9번[골목상권] | 상왕십리역 3번[골목상권] | 상왕십리역 6번[골목상권]	명칭 기반 대표상권 매칭이며 임대료 통계의 공간 경계와 정확히 같지 않을 수 있음
20214	왕십리			1069	1235	39	24	166	3.1579	1.9433	5.1012	13.4413				4	4	왕십리역(왕십리)[발달상권] | 왕십리역 9번[골목상권] | 상왕십리역 3번[골목상권] | 상왕십리역 6번[골목상권]	명칭 기반 대표상권 매칭이며 임대료 통계의 공간 경계와 정확히 같지 않을 수 있음
20221	왕십리			1075	1239	34	30	164	2.7441	2.4213	5.1655	13.2365	0.2919	-0.2399	-0.1132	4	4	왕십리역(왕십리)[발달상권] | 왕십리역 9번[골목상권] | 상왕십리역 3번[골목상권] | 상왕십리역 6번[골목상권]	명칭 기반 대표상권 매칭이며 임대료 통계의 공간 경계와 정확히 같지 않을 수 있음
20222	왕십리			1085	1252	45	32	167	3.5942	2.5559	6.1502	13.3387	-1.0715	-0.4451	0.2307	4	4	왕십리역(왕십리)[발달상권] | 왕십리역 9번[골목상권] | 상왕십리역 3번[골목상권] | 상왕십리역 6번[골목상권]	명칭 기반 대표상권 매칭이며 임대료 통계의 공간 경계와 정확히 같지 않을 수 있음
20223	왕십리			1076	1242	26	36	166	2.0934	2.8986	4.9919	13.3655	0.6854	-0.0081	0.0049	4	4	왕십리역(왕십리)[발달상권] | 왕십리역 9번[골목상권] | 상왕십리역 3번[골목상권] | 상왕십리역 6번[골목상권]	명칭 기반 대표상권 매칭이며 임대료 통계의 공간 경계와 정확히 같지 않을 수 있음
20224	왕십리			1108	1276	74	40	168	5.7994	3.1348	8.9342	13.1661	1.1915	3.8330	-0.2752	4	4	왕십리역(왕십리)[발달상권] | 왕십리역 9번[골목상권] | 상왕십리역 3번[골목상권] | 상왕십리역 6번[골목상권]	명칭 기반 대표상권 매칭이며 임대료 통계의 공간 경계와 정확히 같지 않을 수 있음
20231	왕십리			1117	1288	45	33	171	3.4938	2.5621	6.0559	13.2764	0.1408	0.8904	0.0399	4	4	왕십리역(왕십리)[발달상권] | 왕십리역 9번[골목상권] | 상왕십리역 3번[골목상권] | 상왕십리역 6번[골목상권]	명칭 기반 대표상권 매칭이며 임대료 통계의 공간 경계와 정확히 같지 않을 수 있음
20232	왕십리			1132	1306	56	38	174	4.2879	2.9096	7.1975	13.3231	0.3537	1.0474	-0.0155	4	4	왕십리역(왕십리)[발달상권] | 왕십리역 9번[골목상권] | 상왕십리역 3번[골목상권] | 상왕십리역 6번[골목상권]	명칭 기반 대표상권 매칭이며 임대료 통계의 공간 경계와 정확히 같지 않을 수 있음
20233	왕십리			1149	1319	37	24	170	2.8052	1.8196	4.6247	12.8886	-1.0790	-0.3672	-0.4770	4	4	왕십리역(왕십리)[발달상권] | 왕십리역 9번[골목상권] | 상왕십리역 3번[골목상권] | 상왕십리역 6번[골목상권]	명칭 기반 대표상권 매칭이며 임대료 통계의 공간 경계와 정확히 같지 않을 수 있음
20234	왕십리			1151	1322	39	36	171	2.9501	2.7231	5.6732	12.9349	-0.4116	-3.2609	-0.2312	4	4	왕십리역(왕십리)[발달상권] | 왕십리역 9번[골목상권] | 상왕십리역 3번[골목상권] | 상왕십리역 6번[골목상권]	명칭 기반 대표상권 매칭이며 임대료 통계의 공간 경계와 정확히 같지 않을 수 있음
20241	왕십리			1158	1333	56	45	175	4.2011	3.3758	7.5769	13.1283	0.8137	1.5210	-0.1481	4	4	왕십리역(왕십리)[발달상권] | 왕십리역 9번[골목상권] | 상왕십리역 3번[골목상권] | 상왕십리역 6번[골목상권]	명칭 기반 대표상권 매칭이며 임대료 통계의 공간 경계와 정확히 같지 않을 수 있음
20242	왕십리			1160	1335	41	39	175	3.0712	2.9213	5.9925	13.1086	0.0117	-1.2050	-0.2145	4	4	왕십리역(왕십리)[발달상권] | 왕십리역 9번[골목상권] | 상왕십리역 3번[골목상권] | 상왕십리역 6번[골목상권]	명칭 기반 대표상권 매칭이며 임대료 통계의 공간 경계와 정확히 같지 않을 수 있음
20243	왕십리	43.3		1143	1309	24	50	166	1.8335	3.8197	5.6532	12.6814	2.0001	1.0285	-0.2071	4	4	왕십리역(왕십리)[발달상권] | 왕십리역 9번[골목상권] | 상왕십리역 3번[골목상권] | 상왕십리역 6번[골목상권]	명칭 기반 대표상권 매칭이며 임대료 통계의 공간 경계와 정확히 같지 않을 수 있음
20244	왕십리	43.4		1130	1295	29	43	165	2.2394	3.3205	5.5598	12.7413	0.5973	-0.1134	-0.1936	4	4	왕십리역(왕십리)[발달상권] | 왕십리역 9번[골목상권] | 상왕십리역 3번[골목상권] | 상왕십리역 6번[골목상권]	명칭 기반 대표상권 매칭이며 임대료 통계의 공간 경계와 정확히 같지 않을 수 있음
20251	왕십리	43.5		1115	1275	27	45	160	2.1176	3.5294	5.6471	12.5490	0.1536	-1.9298	-0.5793	4	4	왕십리역(왕십리)[발달상권] | 왕십리역 9번[골목상권] | 상왕십리역 3번[골목상권] | 상왕십리역 6번[골목상권]	명칭 기반 대표상권 매칭이며 임대료 통계의 공간 경계와 정확히 같지 않을 수 있음
20252	왕십리	43.7		1105	1265	21	33	160	1.6601	2.6087	4.2688	12.6482	-0.3127	-1.7237	-0.4604	4	4	왕십리역(왕십리)[발달상권] | 왕십리역 9번[골목상권] | 상왕십리역 3번[골목상권] | 상왕십리역 6번[골목상권]	명칭 기반 대표상권 매칭이며 임대료 통계의 공간 경계와 정확히 같지 않을 수 있음
20253	왕십리	43.7	0.9238	1106	1264	34	31	158	2.6899	2.4525	5.1424	12.5000	-1.3672	-0.5108	-0.1814	4	4	왕십리역(왕십리)[발달상권] | 왕십리역 9번[골목상권] | 상왕십리역 3번[골목상권] | 상왕십리역 6번[골목상권]	명칭 기반 대표상권 매칭이며 임대료 통계의 공간 경계와 정확히 같지 않을 수 있음
20254	왕십리	43.8	0.9217	1092	1252	18	29	160	1.4377	2.3163	3.7540	12.7796	-1.0042	-1.8059	0.0382	4	4	왕십리역(왕십리)[발달상권] | 왕십리역 9번[골목상권] | 상왕십리역 3번[골목상권] | 상왕십리역 6번[골목상권]	명칭 기반 대표상권 매칭이며 임대료 통계의 공간 경계와 정확히 같지 않을 수 있음
20261	왕십리	43.9	0.9195													4	0	왕십리역(왕십리)[발달상권] | 왕십리역 9번[골목상권] | 상왕십리역 3번[골목상권] | 상왕십리역 6번[골목상권]	명칭 기반 대표상권 매칭이며 임대료 통계의 공간 경계와 정확히 같지 않을 수 있음
20211	용산역			4660	4908	96	105	248	1.9560	2.1394	4.0954	5.0530				2	2	신용산역(용산역)[발달상권] | 용산전자상가(용산역)[발달상권]	명칭 기반 대표상권 매칭이며 임대료 통계의 공간 경계와 정확히 같지 않을 수 있음
20212	용산역			4645	4892	88	104	247	1.7989	2.1259	3.9248	5.0491				2	2	신용산역(용산역)[발달상권] | 용산전자상가(용산역)[발달상권]	명칭 기반 대표상권 매칭이며 임대료 통계의 공간 경계와 정확히 같지 않을 수 있음
20213	용산역			4647	4898	88	82	251	1.7967	1.6742	3.4708	5.1245				2	2	신용산역(용산역)[발달상권] | 용산전자상가(용산역)[발달상권]	명칭 기반 대표상권 매칭이며 임대료 통계의 공간 경계와 정확히 같지 않을 수 있음
20214	용산역			4690	4946	124	76	256	2.5071	1.5366	4.0437	5.1759				2	2	신용산역(용산역)[발달상권] | 용산전자상가(용산역)[발달상권]	명칭 기반 대표상권 매칭이며 임대료 통계의 공간 경계와 정확히 같지 않을 수 있음
20221	용산역			4711	4968	93	71	257	1.8720	1.4291	3.3011	5.1731	-0.7102	-0.7942	0.1201	2	2	신용산역(용산역)[발달상권] | 용산전자상가(용산역)[발달상권]	명칭 기반 대표상권 매칭이며 임대료 통계의 공간 경계와 정확히 같지 않을 수 있음
20222	용산역			4746	5006	99	61	260	1.9776	1.2185	3.1962	5.1938	-0.9074	-0.7286	0.1447	2	2	신용산역(용산역)[발달상권] | 용산전자상가(용산역)[발달상권]	명칭 기반 대표상권 매칭이며 임대료 통계의 공간 경계와 정확히 같지 않을 수 있음
20223	용산역			4706	4970	65	101	264	1.3078	2.0322	3.3400	5.3119	0.3580	-0.1308	0.1873	2	2	신용산역(용산역)[발달상권] | 용산전자상가(용산역)[발달상권]	명칭 기반 대표상권 매칭이며 임대료 통계의 공간 경계와 정확히 같지 않을 수 있음
20224	용산역			4743	5017	129	82	274	2.5713	1.6344	4.2057	5.4614	0.0978	0.1620	0.2855	2	2	신용산역(용산역)[발달상권] | 용산전자상가(용산역)[발달상권]	명칭 기반 대표상권 매칭이며 임대료 통계의 공간 경계와 정확히 같지 않을 수 있음
20231	용산역			4752	5024	94	87	272	1.8710	1.7317	3.6027	5.4140	0.3025	0.3016	0.2409	2	2	신용산역(용산역)[발달상권] | 용산전자상가(용산역)[발달상권]	명칭 기반 대표상권 매칭이며 임대료 통계의 공간 경계와 정확히 같지 않을 수 있음
20232	용산역			4749	5020	91	95	271	1.8127	1.8924	3.7052	5.3984	0.6739	0.5090	0.2046	2	2	신용산역(용산역)[발달상권] | 용산전자상가(용산역)[발달상권]	명칭 기반 대표상권 매칭이며 임대료 통계의 공간 경계와 정확히 같지 않을 수 있음
20233	용산역			4735	5016	95	99	281	1.8939	1.9737	3.8676	5.6021	-0.0585	0.5276	0.2902	2	2	신용산역(용산역)[발달상권] | 용산전자상가(용산역)[발달상권]	명칭 기반 대표상권 매칭이며 임대료 통계의 공간 경계와 정확히 같지 않을 수 있음
20234	용산역			4706	4984	60	92	278	1.2039	1.8459	3.0498	5.5778	0.2115	-1.1559	0.1164	2	2	신용산역(용산역)[발달상권] | 용산전자상가(용산역)[발달상권]	명칭 기반 대표상권 매칭이며 임대료 통계의 공간 경계와 정확히 같지 않을 수 있음
20241	용산역			4657	4939	74	119	282	1.4983	2.4094	3.9077	5.7097	0.6777	0.3050	0.2956	2	2	신용산역(용산역)[발달상권] | 용산전자상가(용산역)[발달상권]	명칭 기반 대표상권 매칭이며 임대료 통계의 공간 경계와 정확히 같지 않을 수 있음
20242	용산역			4647	4926	53	66	279	1.0759	1.3398	2.4158	5.6638	-0.5526	-1.2894	0.2654	2	2	신용산역(용산역)[발달상권] | 용산전자상가(용산역)[발달상권]	명칭 기반 대표상권 매칭이며 임대료 통계의 공간 경계와 정확히 같지 않을 수 있음
20243	용산역	37.2		4593	4870	51	107	277	1.0472	2.1971	3.2444	5.6879	0.2234	-0.6233	0.0858	2	2	신용산역(용산역)[발달상권] | 용산전자상가(용산역)[발달상권]	명칭 기반 대표상권 매칭이며 임대료 통계의 공간 경계와 정확히 같지 않을 수 있음
20244	용산역	38.1		4580	4853	47	64	273	0.9685	1.3188	2.2872	5.6254	-0.5271	-0.7625	0.0475	2	2	신용산역(용산역)[발달상권] | 용산전자상가(용산역)[발달상권]	명칭 기반 대표상권 매칭이며 임대료 통계의 공간 경계와 정확히 같지 않을 수 있음
20251	용산역	38.7		4511	4783	37	103	272	0.7736	2.1535	2.9270	5.6868	-0.2559	-0.9806	-0.0229	2	2	신용산역(용산역)[발달상권] | 용산전자상가(용산역)[발달상권]	명칭 기반 대표상권 매칭이며 임대료 통계의 공간 경계와 정확히 같지 않을 수 있음
20252	용산역	39.1		4476	4747	48	81	271	1.0112	1.7063	2.7175	5.7089	0.3665	0.3018	0.0450	2	2	신용산역(용산역)[발달상권] | 용산전자상가(용산역)[발달상권]	명칭 기반 대표상권 매칭이며 임대료 통계의 공간 경계와 정확히 같지 않을 수 있음
20253	용산역	39.6	6.4516	4459	4724	69	91	265	1.4606	1.9263	3.3870	5.6097	-0.2708	0.1426	-0.0782	2	2	신용산역(용산역)[발달상권] | 용산전자상가(용산역)[발달상권]	명칭 기반 대표상권 매칭이며 임대료 통계의 공간 경계와 정확히 같지 않을 수 있음
20254	용산역	40.1	5.2493	4443	4701	34	59	258	0.7233	1.2551	1.9783	5.4882	-0.0637	-0.3089	-0.1372	2	2	신용산역(용산역)[발달상권] | 용산전자상가(용산역)[발달상권]	명칭 기반 대표상권 매칭이며 임대료 통계의 공간 경계와 정확히 같지 않을 수 있음
20261	용산역	40.0	3.3592													2	0	신용산역(용산역)[발달상권] | 용산전자상가(용산역)[발달상권]	명칭 기반 대표상권 매칭이며 임대료 통계의 공간 경계와 정확히 같지 않을 수 있음
20211	이태원			1546	1633	29	46	87	1.7759	2.8169	4.5928	5.3276				1	1	이태원 관광특구[관광특구]	명칭 기반 대표상권 매칭이며 임대료 통계의 공간 경계와 정확히 같지 않을 수 있음
20212	이태원			1551	1637	54	50	86	3.2987	3.0544	6.3531	5.2535				1	1	이태원 관광특구[관광특구]	명칭 기반 대표상권 매칭이며 임대료 통계의 공간 경계와 정확히 같지 않을 수 있음
20213	이태원			1545	1627	42	52	82	2.5814	3.1961	5.7775	5.0400				1	1	이태원 관광특구[관광특구]	명칭 기반 대표상권 매칭이며 임대료 통계의 공간 경계와 정확히 같지 않을 수 있음
20214	이태원			1559	1641	71	57	82	4.3266	3.4735	7.8001	4.9970				1	1	이태원 관광특구[관광특구]	명칭 기반 대표상권 매칭이며 임대료 통계의 공간 경계와 정확히 같지 않을 수 있음
20221	이태원			1593	1673	62	30	80	3.7059	1.7932	5.4991	4.7818	-1.0237	0.9063	-0.5458	1	1	이태원 관광특구[관광특구]	명칭 기반 대표상권 매칭이며 임대료 통계의 공간 경계와 정확히 같지 않을 수 있음
20222	이태원			1624	1709	69	33	85	4.0374	1.9310	5.9684	4.9737	-1.1234	-0.3847	-0.2798	1	1	이태원 관광특구[관광특구]	명칭 기반 대표상권 매칭이며 임대료 통계의 공간 경계와 정확히 같지 않을 수 있음
20223	이태원			1643	1726	68	51	83	3.9397	2.9548	6.8946	4.8088	-0.2413	1.1170	-0.2311	1	1	이태원 관광특구[관광특구]	명칭 기반 대표상권 매칭이며 임대료 통계의 공간 경계와 정확히 같지 않을 수 있음
20224	이태원			1675	1765	78	39	90	4.4193	2.2096	6.6289	5.0992	-1.2639	-1.1712	0.1022	1	1	이태원 관광특구[관광특구]	명칭 기반 대표상권 매칭이며 임대료 통계의 공간 경계와 정확히 같지 않을 수 있음
20231	이태원			1675	1770	43	38	95	2.4294	2.1469	4.5763	5.3672	0.3537	-0.9228	0.5854	1	1	이태원 관광특구[관광특구]	명칭 기반 대표상권 매칭이며 임대료 통계의 공간 경계와 정확히 같지 않을 수 있음
20232	이태원			1692	1787	55	38	95	3.0778	2.1265	5.2043	5.3162	0.1955	-0.7641	0.3425	1	1	이태원 관광특구[관광특구]	명칭 기반 대표상권 매칭이며 임대료 통계의 공간 경계와 정확히 같지 않을 수 있음
20233	이태원			1696	1791	58	54	95	3.2384	3.0151	6.2535	5.3043	0.0603	-0.6411	0.4955	1	1	이태원 관광특구[관광특구]	명칭 기반 대표상권 매칭이며 임대료 통계의 공간 경계와 정확히 같지 않을 수 있음
20234	이태원			1704	1804	46	33	100	2.5499	1.8293	4.3792	5.5432	-0.3804	-2.2497	0.4441	1	1	이태원 관광특구[관광특구]	명칭 기반 대표상권 매칭이며 임대료 통계의 공간 경계와 정확히 같지 않을 수 있음
20241	이태원			1707	1810	49	43	103	2.7072	2.3757	5.0829	5.6906	0.2288	0.5066	0.3234	1	1	이태원 관광특구[관광특구]	명칭 기반 대표상권 매칭이며 임대료 통계의 공간 경계와 정확히 같지 않을 수 있음
20242	이태원			1710	1813	53	50	103	2.9233	2.7579	5.6812	5.6812	0.6314	0.4769	0.3650	1	1	이태원 관광특구[관광특구]	명칭 기반 대표상권 매칭이며 임대료 통계의 공간 경계와 정확히 같지 않을 수 있음
20243	이태원	66.9		1693	1798	42	57	105	2.3359	3.1702	5.5061	5.8398	0.1551	-0.7474	0.5355	1	1	이태원 관광특구[관광특구]	명칭 기반 대표상권 매칭이며 임대료 통계의 공간 경계와 정확히 같지 않을 수 있음
20244	이태원	66.6		1702	1801	45	41	99	2.4986	2.2765	4.7751	5.4969	0.4472	0.3960	-0.0463	1	1	이태원 관광특구[관광특구]	명칭 기반 대표상권 매칭이며 임대료 통계의 공간 경계와 정확히 같지 않을 수 있음
20251	이태원	66.8		1689	1785	27	43	96	1.5126	2.4090	3.9216	5.3782	0.0333	-1.1613	-0.3125	1	1	이태원 관광특구[관광특구]	명칭 기반 대표상권 매칭이며 임대료 통계의 공간 경계와 정확히 같지 않을 수 있음
20252	이태원	66.9		1680	1773	45	55	93	2.5381	3.1021	5.6402	5.2453	0.3442	-0.0410	-0.4358	1	1	이태원 관광특구[관광특구]	명칭 기반 대표상권 매칭이며 임대료 통계의 공간 경계와 정확히 같지 않을 수 있음
20253	이태원	67.5	0.8969	1677	1770	41	44	93	2.3164	2.4859	4.8023	5.2542	-0.6843	-0.7039	-0.5856	1	1	이태원 관광특구[관광특구]	명칭 기반 대표상권 매칭이며 임대료 통계의 공간 경계와 정확히 같지 않을 수 있음
20254	이태원	68.1	2.2523	1680	1773	40	37	93	2.2561	2.0869	4.3429	5.2453	-0.1897	-0.4322	-0.2516	1	1	이태원 관광특구[관광특구]	명칭 기반 대표상권 매칭이며 임대료 통계의 공간 경계와 정확히 같지 않을 수 있음
20261	이태원	69.0	3.2934													1	0	이태원 관광특구[관광특구]	명칭 기반 대표상권 매칭이며 임대료 통계의 공간 경계와 정확히 같지 않을 수 있음
20211	잠실/송파			3174	3581	94	83	407	2.6250	2.3178	4.9428	11.3655				4	4	잠실역[발달상권] | 잠실나루역[골목상권] | 송파나루역[발달상권] | 송파사거리(송파역)[발달상권]	명칭 기반 대표상권 매칭이며 임대료 통계의 공간 경계와 정확히 같지 않을 수 있음
20212	잠실/송파			3172	3577	87	91	405	2.4322	2.5440	4.9762	11.3223				4	4	잠실역[발달상권] | 잠실나루역[골목상권] | 송파나루역[발달상권] | 송파사거리(송파역)[발달상권]	명칭 기반 대표상권 매칭이며 임대료 통계의 공간 경계와 정확히 같지 않을 수 있음
20213	잠실/송파			3156	3559	91	109	403	2.5569	3.0627	5.6196	11.3234				4	4	잠실역[발달상권] | 잠실나루역[골목상권] | 송파나루역[발달상권] | 송파사거리(송파역)[발달상권]	명칭 기반 대표상권 매칭이며 임대료 통계의 공간 경계와 정확히 같지 않을 수 있음
20214	잠실/송파			3165	3564	107	102	399	3.0022	2.8620	5.8642	11.1953				4	4	잠실역[발달상권] | 잠실나루역[골목상권] | 송파나루역[발달상권] | 송파사거리(송파역)[발달상권]	명칭 기반 대표상권 매칭이며 임대료 통계의 공간 경계와 정확히 같지 않을 수 있음
20221	잠실/송파			3179	3578	78	64	399	2.1800	1.7887	3.9687	11.1515	-0.5291	-0.9741	-0.2141	4	4	잠실역[발달상권] | 잠실나루역[골목상권] | 송파나루역[발달상권] | 송파사거리(송파역)[발달상권]	명칭 기반 대표상권 매칭이며 임대료 통계의 공간 경계와 정확히 같지 않을 수 있음
20222	잠실/송파			3198	3607	91	62	409	2.5229	1.7189	4.2418	11.3391	-0.8252	-0.7345	0.0167	4	4	잠실역[발달상권] | 잠실나루역[골목상권] | 송파나루역[발달상권] | 송파사거리(송파역)[발달상권]	명칭 기반 대표상권 매칭이며 임대료 통계의 공간 경계와 정확히 같지 않을 수 있음
20223	잠실/송파			3203	3614	121	114	411	3.3481	3.1544	6.5025	11.3724	0.0917	0.8829	0.0490	4	4	잠실역[발달상권] | 잠실나루역[골목상권] | 송파나루역[발달상권] | 송파사거리(송파역)[발달상권]	명칭 기반 대표상권 매칭이며 임대료 통계의 공간 경계와 정확히 같지 않을 수 있음
20224	잠실/송파			3203	3616	88	86	413	2.4336	2.3783	4.8119	11.4215	-0.4836	-1.0523	0.2262	4	4	잠실역[발달상권] | 잠실나루역[골목상권] | 송파나루역[발달상권] | 송파사거리(송파역)[발달상권]	명칭 기반 대표상권 매칭이며 임대료 통계의 공간 경계와 정확히 같지 않을 수 있음
20231	잠실/송파			3220	3632	107	91	412	2.9460	2.5055	5.4515	11.3436	0.7168	1.4828	0.1921	4	4	잠실역[발달상권] | 잠실나루역[골목상권] | 송파나루역[발달상권] | 송파사거리(송파역)[발달상권]	명칭 기반 대표상권 매칭이며 임대료 통계의 공간 경계와 정확히 같지 않을 수 있음
20232	잠실/송파			3236	3643	114	103	407	3.1293	2.8273	5.9566	11.1721	1.1085	1.7149	-0.1670	4	4	잠실역[발달상권] | 잠실나루역[골목상권] | 송파나루역[발달상권] | 송파사거리(송파역)[발달상권]	명칭 기반 대표상권 매칭이며 임대료 통계의 공간 경계와 정확히 같지 않을 수 있음
20233	잠실/송파			3239	3649	95	89	410	2.6035	2.4390	5.0425	11.2360	-0.7154	-1.4600	-0.1365	4	4	잠실역[발달상권] | 잠실나루역[골목상권] | 송파나루역[발달상권] | 송파사거리(송파역)[발달상권]	명칭 기반 대표상권 매칭이며 임대료 통계의 공간 경계와 정확히 같지 않을 수 있음
20234	잠실/송파			3247	3659	95	85	412	2.5963	2.3230	4.9194	11.2599	-0.0553	0.1074	-0.1616	4	4	잠실역[발달상권] | 잠실나루역[골목상권] | 송파나루역[발달상권] | 송파사거리(송파역)[발달상권]	명칭 기반 대표상권 매칭이며 임대료 통계의 공간 경계와 정확히 같지 않을 수 있음
20241	잠실/송파			3212	3627	85	117	415	2.3435	3.2258	5.5693	11.4420	0.7203	0.1178	0.0984	4	4	잠실역[발달상권] | 잠실나루역[골목상권] | 송파나루역[발달상권] | 송파사거리(송파역)[발달상권]	명칭 기반 대표상권 매칭이며 임대료 통계의 공간 경계와 정확히 같지 않을 수 있음
20242	잠실/송파			3170	3582	55	100	412	1.5355	2.7917	4.3272	11.5020	-0.0356	-1.6294	0.3298	4	4	잠실역[발달상권] | 잠실나루역[골목상권] | 송파나루역[발달상권] | 송파사거리(송파역)[발달상권]	명칭 기반 대표상권 매칭이며 임대료 통계의 공간 경계와 정확히 같지 않을 수 있음
20243	잠실/송파	36.4		3143	3553	67	96	410	1.8857	2.7019	4.5877	11.5395	0.2629	-0.4548	0.3036	4	4	잠실역[발달상권] | 잠실나루역[골목상권] | 송파나루역[발달상권] | 송파사거리(송파역)[발달상권]	명칭 기반 대표상권 매칭이며 임대료 통계의 공간 경계와 정확히 같지 않을 수 있음
20244	잠실/송파	36.4		3111	3527	50	76	416	1.4176	2.1548	3.5724	11.7947	-0.1682	-1.3469	0.5348	4	4	잠실역[발달상권] | 잠실나루역[골목상권] | 송파나루역[발달상권] | 송파사거리(송파역)[발달상권]	명칭 기반 대표상권 매칭이며 임대료 통계의 공간 경계와 정확히 같지 않을 수 있음
20251	잠실/송파	36.5		3064	3479	53	98	415	1.5234	2.8169	4.3403	11.9287	-0.4089	-1.2290	0.4868	4	4	잠실역[발달상권] | 잠실나루역[골목상권] | 송파나루역[발달상권] | 송파사거리(송파역)[발달상권]	명칭 기반 대표상권 매칭이며 임대료 통계의 공간 경계와 정확히 같지 않을 수 있음
20252	잠실/송파	36.6		3054	3465	57	65	411	1.6450	1.8759	3.5209	11.8615	-0.9158	-0.8063	0.3595	4	4	잠실역[발달상권] | 잠실나루역[골목상권] | 송파나루역[발달상권] | 송파사거리(송파역)[발달상권]	명칭 기반 대표상권 매칭이며 임대료 통계의 공간 경계와 정확히 같지 않을 수 있음
20253	잠실/송파	36.9	1.3736	3062	3464	74	77	402	2.1363	2.2229	4.3591	11.6051	-0.4791	-0.2285	0.0655	4	4	잠실역[발달상권] | 잠실나루역[골목상권] | 송파나루역[발달상권] | 송파사거리(송파역)[발달상권]	명칭 기반 대표상권 매칭이며 임대료 통계의 공간 경계와 정확히 같지 않을 수 있음
20254	잠실/송파	37.0	1.6484	3034	3429	48	80	395	1.3998	2.3330	3.7329	11.5194	0.1782	0.1604	-0.2753	4	4	잠실역[발달상권] | 잠실나루역[골목상권] | 송파나루역[발달상권] | 송파사거리(송파역)[발달상권]	명칭 기반 대표상권 매칭이며 임대료 통계의 공간 경계와 정확히 같지 않을 수 있음
20261	잠실/송파	35.8	-1.9178													4	0	잠실역[발달상권] | 잠실나루역[골목상권] | 송파나루역[발달상권] | 송파사거리(송파역)[발달상권]	명칭 기반 대표상권 매칭이며 임대료 통계의 공간 경계와 정확히 같지 않을 수 있음
20211	잠실새내역			1813	2074	80	63	261	3.8573	3.0376	6.8949	12.5844				1	1	잠실새내역(신천)[발달상권]	명칭 기반 대표상권 매칭이며 임대료 통계의 공간 경계와 정확히 같지 않을 수 있음
20212	잠실새내역			1833	2085	75	64	252	3.5971	3.0695	6.6667	12.0863				1	1	잠실새내역(신천)[발달상권]	명칭 기반 대표상권 매칭이며 임대료 통계의 공간 경계와 정확히 같지 않을 수 있음
20213	잠실새내역			1834	2092	60	53	258	2.8681	2.5335	5.4015	12.3327				1	1	잠실새내역(신천)[발달상권]	명칭 기반 대표상권 매칭이며 임대료 통계의 공간 경계와 정확히 같지 않을 수 있음
20214	잠실새내역			1877	2135	104	61	258	4.8712	2.8571	7.7283	12.0843				1	1	잠실새내역(신천)[발달상권]	명칭 기반 대표상권 매칭이며 임대료 통계의 공간 경계와 정확히 같지 않을 수 있음
20221	잠실새내역			1861	2118	57	74	257	2.6912	3.4939	6.1851	12.1341	0.4563	-0.7098	-0.4503	1	1	잠실새내역(신천)[발달상권]	명칭 기반 대표상권 매칭이며 임대료 통계의 공간 경계와 정확히 같지 않을 수 있음
20222	잠실새내역			1891	2155	74	37	264	3.4339	1.7169	5.1508	12.2506	-1.3526	-1.5159	0.1642	1	1	잠실새내역(신천)[발달상권]	명칭 기반 대표상권 매칭이며 임대료 통계의 공간 경계와 정확히 같지 않을 수 있음
20223	잠실새내역			1895	2157	79	77	262	3.6625	3.5698	7.2323	12.1465	1.0363	1.8307	-0.1862	1	1	잠실새내역(신천)[발달상권]	명칭 기반 대표상권 매칭이며 임대료 통계의 공간 경계와 정확히 같지 않을 수 있음
20224	잠실새내역			1911	2183	98	72	272	4.4892	3.2982	7.7874	12.4599	0.4411	0.0591	0.3756	1	1	잠실새내역(신천)[발달상권]	명칭 기반 대표상권 매칭이며 임대료 통계의 공간 경계와 정확히 같지 않을 수 있음
20231	잠실새내역			1913	2192	87	78	279	3.9690	3.5584	7.5274	12.7281	0.0645	1.3423	0.5940	1	1	잠실새내역(신천)[발달상권]	명칭 기반 대표상권 매칭이며 임대료 통계의 공간 경계와 정확히 같지 않을 수 있음
20232	잠실새내역			1922	2200	78	70	278	3.5455	3.1818	6.7273	12.6364	1.4649	1.5765	0.3858	1	1	잠실새내역(신천)[발달상권]	명칭 기반 대표상권 매칭이며 임대료 통계의 공간 경계와 정확히 같지 않을 수 있음
20233	잠실새내역			1943	2218	81	63	275	3.6519	2.8404	6.4923	12.3986	-0.7294	-0.7399	0.2521	1	1	잠실새내역(신천)[발달상권]	명칭 기반 대표상권 매칭이며 임대료 통계의 공간 경계와 정확히 같지 않을 수 있음
20234	잠실새내역			1961	2238	75	55	277	3.3512	2.4576	5.8088	12.3771	-0.8407	-1.9787	-0.0828	1	1	잠실새내역(신천)[발달상권]	명칭 기반 대표상권 매칭이며 임대료 통계의 공간 경계와 정확히 같지 않을 수 있음
20241	잠실새내역			1968	2243	91	86	275	4.0571	3.8342	7.8912	12.2604	0.2758	0.3638	-0.4677	1	1	잠실새내역(신천)[발달상권]	명칭 기반 대표상권 매칭이며 임대료 통계의 공간 경계와 정확히 같지 않을 수 있음
20242	잠실새내역			1958	2233	59	69	275	2.6422	3.0900	5.7322	12.3153	-0.0918	-0.9951	-0.3211	1	1	잠실새내역(신천)[발달상권]	명칭 기반 대표상권 매칭이며 임대료 통계의 공간 경계와 정확히 같지 않을 수 있음
20243	잠실새내역	33.7		1951	2227	75	81	276	3.3678	3.6372	7.0049	12.3934	0.7968	0.5126	-0.0052	1	1	잠실새내역(신천)[발달상권]	명칭 기반 대표상권 매칭이며 임대료 통계의 공간 경계와 정확히 같지 않을 수 있음
20244	잠실새내역	33.7		1944	2222	54	59	278	2.4302	2.6553	5.0855	12.5113	0.1977	-0.7232	0.1341	1	1	잠실새내역(신천)[발달상권]	명칭 기반 대표상권 매칭이며 임대료 통계의 공간 경계와 정확히 같지 않을 수 있음
20251	잠실새내역	33.8		1939	2211	58	70	272	2.6232	3.1660	5.7892	12.3021	-0.6682	-2.1020	0.0418	1	1	잠실새내역(신천)[발달상권]	명칭 기반 대표상권 매칭이며 임대료 통계의 공간 경계와 정확히 같지 않을 수 있음
20252	잠실새내역	33.9		1933	2201	56	64	268	2.5443	2.9078	5.4521	12.1763	-0.1822	-0.2801	-0.1390	1	1	잠실새내역(신천)[발달상권]	명칭 기반 대표상권 매칭이며 임대료 통계의 공간 경계와 정확히 같지 않을 수 있음
20253	잠실새내역	34.1	1.1869	1924	2188	64	75	264	2.9250	3.4278	6.3528	12.0658	-0.2094	-0.6521	-0.3275	1	1	잠실새내역(신천)[발달상권]	명칭 기반 대표상권 매칭이며 임대료 통계의 공간 경계와 정확히 같지 않을 수 있음
20254	잠실새내역	34.2	1.4837	1917	2183	42	47	266	1.9240	2.1530	4.0770	12.1851	-0.5023	-1.0086	-0.3262	1	1	잠실새내역(신천)[발달상권]	명칭 기반 대표상권 매칭이며 임대료 통계의 공간 경계와 정확히 같지 않을 수 있음
20261	잠실새내역	34.2	1.1834													1	0	잠실새내역(신천)[발달상권]	명칭 기반 대표상권 매칭이며 임대료 통계의 공간 경계와 정확히 같지 않을 수 있음
20211	장안동			1012	1163	31	36	151	2.6655	3.0954	5.7610	12.9837				1	1	장안동사거리[발달상권]	명칭 기반 대표상권 매칭이며 임대료 통계의 공간 경계와 정확히 같지 않을 수 있음
20212	장안동			1007	1156	36	43	149	3.1142	3.7197	6.8339	12.8893				1	1	장안동사거리[발달상권]	명칭 기반 대표상권 매칭이며 임대료 통계의 공간 경계와 정확히 같지 않을 수 있음
20213	장안동			1012	1159	25	22	147	2.1570	1.8982	4.0552	12.6833				1	1	장안동사거리[발달상권]	명칭 기반 대표상권 매칭이며 임대료 통계의 공간 경계와 정확히 같지 않을 수 있음
20214	장안동			1019	1165	49	43	146	4.2060	3.6910	7.8970	12.5322				1	1	장안동사거리[발달상권]	명칭 기반 대표상권 매칭이며 임대료 통계의 공간 경계와 정확히 같지 않을 수 있음
20221	장안동			1015	1164	24	25	149	2.0619	2.1478	4.2096	12.8007	-0.9477	-1.5513	-0.1830	1	1	장안동사거리[발달상권]	명칭 기반 대표상권 매칭이며 임대료 통계의 공간 경계와 정확히 같지 않을 수 있음
20222	장안동			1018	1167	28	25	149	2.3993	2.1422	4.5416	12.7678	-1.5775	-2.2924	-0.1215	1	1	장안동사거리[발달상권]	명칭 기반 대표상권 매칭이며 임대료 통계의 공간 경계와 정확히 같지 않을 수 있음
20223	장안동			1004	1150	33	50	146	2.8696	4.3478	7.2174	12.6957	2.4496	3.1622	0.0123	1	1	장안동사거리[발달상권]	명칭 기반 대표상권 매칭이며 임대료 통계의 공간 경계와 정확히 같지 않을 수 있음
20224	장안동			1000	1152	62	60	152	5.3819	5.2083	10.5903	13.1944	1.5173	2.6933	0.6623	1	1	장안동사거리[발달상권]	명칭 기반 대표상권 매칭이며 임대료 통계의 공간 경계와 정확히 같지 않을 수 있음
20231	장안동			984	1133	33	52	149	2.9126	4.5896	7.5022	13.1509	2.4418	3.2926	0.3502	1	1	장안동사거리[발달상권]	명칭 기반 대표상권 매칭이며 임대료 통계의 공간 경계와 정확히 같지 않을 수 있음
20232	장안동			972	1118	27	42	146	2.4150	3.7567	6.1717	13.0590	1.6145	1.6302	0.2913	1	1	장안동사거리[발달상권]	명칭 기반 대표상권 매칭이며 임대료 통계의 공간 경계와 정확히 같지 않을 수 있음
20233	장안동			980	1124	37	31	144	3.2918	2.7580	6.0498	12.8114	-1.5898	-1.1676	0.1157	1	1	장안동사거리[발달상권]	명칭 기반 대표상권 매칭이며 임대료 통계의 공간 경계와 정확히 같지 않을 수 있음
20234	장안동			991	1141	36	19	150	3.1551	1.6652	4.8203	13.1464	-3.5431	-5.7699	-0.0481	1	1	장안동사거리[발달상권]	명칭 기반 대표상권 매칭이며 임대료 통계의 공간 경계와 정확히 같지 않을 수 있음
20241	장안동			988	1138	23	26	150	2.0211	2.2847	4.3058	13.1810	-2.3049	-3.1964	0.0301	1	1	장안동사거리[발달상권]	명칭 기반 대표상권 매칭이며 임대료 통계의 공간 경계와 정확히 같지 않을 수 있음
20242	장안동			989	1137	32	33	148	2.8144	2.9024	5.7168	13.0167	-0.8543	-0.4549	-0.0423	1	1	장안동사거리[발달상권]	명칭 기반 대표상권 매칭이며 임대료 통계의 공간 경계와 정확히 같지 않을 수 있음
20243	장안동	34.4		995	1145	34	26	150	2.9694	2.2707	5.2402	13.1004	-0.4873	-0.8096	0.2890	1	1	장안동사거리[발달상권]	명칭 기반 대표상권 매칭이며 임대료 통계의 공간 경계와 정확히 같지 않을 수 있음
20244	장안동	34.4		984	1133	21	33	149	1.8535	2.9126	4.7661	13.1509	1.2474	-0.0542	0.0046	1	1	장안동사거리[발달상권]	명칭 기반 대표상권 매칭이며 임대료 통계의 공간 경계와 정확히 같지 않을 수 있음
20251	장안동	34.4		980	1133	29	28	153	2.5596	2.4713	5.0309	13.5040	0.1866	0.7251	0.3230	1	1	장안동사거리[발달상권]	명칭 기반 대표상권 매칭이며 임대료 통계의 공간 경계와 정확히 같지 않을 수 있음
20252	장안동	34.5		984	1132	36	37	148	3.1802	3.2686	6.4488	13.0742	0.3662	0.7320	0.0575	1	1	장안동사거리[발달상권]	명칭 기반 대표상권 매칭이며 임대료 통계의 공간 경계와 정확히 같지 않을 수 있음
20253	장안동	34.5	0.2907	983	1132	35	34	149	3.0919	3.0035	6.0954	13.1625	0.7328	0.8552	0.0621	1	1	장안동사거리[발달상권]	명칭 기반 대표상권 매칭이며 임대료 통계의 공간 경계와 정확히 같지 않을 수 있음
20254	장안동	34.5	0.2907	987	1135	29	27	148	2.5551	2.3789	4.9339	13.0396	-0.5338	0.1678	-0.1113	1	1	장안동사거리[발달상권]	명칭 기반 대표상권 매칭이며 임대료 통계의 공간 경계와 정확히 같지 않을 수 있음
20261	장안동	34.5	0.2907													1	0	장안동사거리[발달상권]	명칭 기반 대표상권 매칭이며 임대료 통계의 공간 경계와 정확히 같지 않을 수 있음
20211	천호			2125	2297	81	67	172	3.5263	2.9168	6.4432	7.4880				3	3	천호역[발달상권] | 천호역 1번(천호문구완구거리)[골목상권] | 천호역 6번[골목상권]	명칭 기반 대표상권 매칭이며 임대료 통계의 공간 경계와 정확히 같지 않을 수 있음
20212	천호			2144	2316	58	39	172	2.5043	1.6839	4.1883	7.4266				3	3	천호역[발달상권] | 천호역 1번(천호문구완구거리)[골목상권] | 천호역 6번[골목상권]	명칭 기반 대표상권 매칭이며 임대료 통계의 공간 경계와 정확히 같지 않을 수 있음
20213	천호			2156	2329	60	47	173	2.5762	2.0180	4.5942	7.4281				3	3	천호역[발달상권] | 천호역 1번(천호문구완구거리)[골목상권] | 천호역 6번[골목상권]	명칭 기반 대표상권 매칭이며 임대료 통계의 공간 경계와 정확히 같지 않을 수 있음
20214	천호			2180	2351	76	54	171	3.2327	2.2969	5.5296	7.2735				3	3	천호역[발달상권] | 천호역 1번(천호문구완구거리)[골목상권] | 천호역 6번[골목상권]	명칭 기반 대표상권 매칭이며 임대료 통계의 공간 경계와 정확히 같지 않을 수 있음
20221	천호			2195	2363	48	36	168	2.0313	1.5235	3.5548	7.1096	-1.3934	-2.8884	-0.3784	3	3	천호역[발달상권] | 천호역 1번(천호문구완구거리)[골목상권] | 천호역 6번[골목상권]	명칭 기반 대표상권 매칭이며 임대료 통계의 공간 경계와 정확히 같지 않을 수 있음
20222	천호			2214	2384	44	23	170	1.8456	0.9648	2.8104	7.1309	-0.7192	-1.3779	-0.2957	3	3	천호역[발달상권] | 천호역 1번(천호문구완구거리)[골목상권] | 천호역 6번[골목상권]	명칭 기반 대표상권 매칭이며 임대료 통계의 공간 경계와 정확히 같지 않을 수 있음
20223	천호			2212	2383	75	76	171	3.1473	3.1893	6.3366	7.1758	1.1712	1.7423	-0.2523	3	3	천호역[발달상권] | 천호역 1번(천호문구완구거리)[골목상권] | 천호역 6번[골목상권]	명칭 기반 대표상권 매칭이며 임대료 통계의 공간 경계와 정확히 같지 않을 수 있음
20224	천호			2230	2404	84	63	174	3.4942	2.6206	6.1148	7.2379	0.3237	0.5852	-0.0356	3	3	천호역[발달상권] | 천호역 1번(천호문구완구거리)[골목상권] | 천호역 6번[골목상권]	명칭 기반 대표상권 매칭이며 임대료 통계의 공간 경계와 정확히 같지 않을 수 있음
20231	천호			2270	2442	91	53	172	3.7265	2.1704	5.8968	7.0434	0.6469	2.3420	-0.0662	3	3	천호역[발달상권] | 천호역 1번(천호문구완구거리)[골목상권] | 천호역 6번[골목상권]	명칭 기반 대표상권 매칭이며 임대료 통계의 공간 경계와 정확히 같지 않을 수 있음
20232	천호			2284	2454	64	52	170	2.6080	2.1190	4.7270	6.9275	1.1542	1.9166	-0.2034	3	3	천호역[발달상권] | 천호역 1번(천호문구완구거리)[골목상권] | 천호역 6번[골목상권]	명칭 기반 대표상권 매칭이며 임대료 통계의 공간 경계와 정확히 같지 않을 수 있음
20233	천호			2282	2452	69	71	170	2.8140	2.8956	5.7096	6.9331	-0.2937	-0.6269	-0.2427	3	3	천호역[발달상권] | 천호역 1번(천호문구완구거리)[골목상권] | 천호역 6번[골목상권]	명칭 기반 대표상권 매칭이며 임대료 통계의 공간 경계와 정확히 같지 않을 수 있음
20234	천호			2290	2456	61	57	166	2.4837	2.3208	4.8046	6.7590	-0.2998	-1.3102	-0.4790	3	3	천호역[발달상권] | 천호역 1번(천호문구완구거리)[골목상권] | 천호역 6번[골목상권]	명칭 기반 대표상권 매칭이며 임대료 통계의 공간 경계와 정확히 같지 않을 수 있음
20241	천호			2264	2435	47	68	171	1.9302	2.7926	4.7228	7.0226	0.6223	-1.1740	-0.0208	3	3	천호역[발달상권] | 천호역 1번(천호문구완구거리)[골목상권] | 천호역 6번[골목상권]	명칭 기반 대표상권 매칭이며 임대료 통계의 공간 경계와 정확히 같지 않을 수 있음
20242	천호			2209	2381	22	76	172	0.9240	3.1919	4.1159	7.2239	1.0729	-0.6111	0.2964	3	3	천호역[발달상권] | 천호역 1번(천호문구완구거리)[골목상권] | 천호역 6번[골목상권]	명칭 기반 대표상권 매칭이며 임대료 통계의 공간 경계와 정확히 같지 않을 수 있음
20243	천호	56.0		2203	2378	40	43	175	1.6821	1.8082	3.4903	7.3591	-1.0874	-2.2193	0.4260	3	3	천호역[발달상권] | 천호역 1번(천호문구완구거리)[골목상권] | 천호역 6번[골목상권]	명칭 기반 대표상권 매칭이며 임대료 통계의 공간 경계와 정확히 같지 않을 수 있음
20244	천호	56.2		2183	2353	42	67	170	1.7850	2.8474	4.6324	7.2248	0.5266	-0.1722	0.4659	3	3	천호역[발달상권] | 천호역 1번(천호문구완구거리)[골목상권] | 천호역 6번[골목상권]	명칭 기반 대표상권 매칭이며 임대료 통계의 공간 경계와 정확히 같지 않을 수 있음
20251	천호	56.2		2168	2338	36	50	170	1.5398	2.1386	3.6784	7.2712	-0.6540	-1.0444	0.2486	3	3	천호역[발달상권] | 천호역 1번(천호문구완구거리)[골목상권] | 천호역 6번[골목상권]	명칭 기반 대표상권 매칭이며 임대료 통계의 공간 경계와 정확히 같지 않을 수 있음
20252	천호	56.3		2142	2317	41	57	175	1.7695	2.4601	4.2296	7.5529	-0.7319	0.1137	0.3290	3	3	천호역[발달상권] | 천호역 1번(천호문구완구거리)[골목상권] | 천호역 6번[골목상권]	명칭 기반 대표상권 매칭이며 임대료 통계의 공간 경계와 정확히 같지 않을 수 있음
20253	천호	56.6	1.0714	2138	2312	38	41	174	1.6436	1.7734	3.4170	7.5260	-0.0349	-0.0734	0.1668	3	3	천호역[발달상권] | 천호역 1번(천호문구완구거리)[골목상권] | 천호역 6번[골목상권]	명칭 기반 대표상권 매칭이며 임대료 통계의 공간 경계와 정확히 같지 않을 수 있음
20254	천호	56.7	0.8897	2125	2300	44	56	175	1.9130	2.4348	4.3478	7.6087	-0.4126	-0.2846	0.3839	3	3	천호역[발달상권] | 천호역 1번(천호문구완구거리)[골목상권] | 천호역 6번[골목상권]	명칭 기반 대표상권 매칭이며 임대료 통계의 공간 경계와 정확히 같지 않을 수 있음
20261	천호	57.2	1.7794													3	0	천호역[발달상권] | 천호역 1번(천호문구완구거리)[골목상권] | 천호역 6번[골목상권]	명칭 기반 대표상권 매칭이며 임대료 통계의 공간 경계와 정확히 같지 않을 수 있음
20211	청량리			997	1080	28	27	83	2.5926	2.5000	5.0926	7.6852				1	1	청량리역(청량리)[발달상권]	명칭 기반 대표상권 매칭이며 임대료 통계의 공간 경계와 정확히 같지 않을 수 있음
20212	청량리			998	1083	32	29	85	2.9548	2.6777	5.6325	7.8486				1	1	청량리역(청량리)[발달상권]	명칭 기반 대표상권 매칭이며 임대료 통계의 공간 경계와 정확히 같지 않을 수 있음
20213	청량리			999	1086	29	26	87	2.6703	2.3941	5.0645	8.0110				1	1	청량리역(청량리)[발달상권]	명칭 기반 대표상권 매칭이며 임대료 통계의 공간 경계와 정확히 같지 않을 수 있음
20214	청량리			1007	1098	34	22	91	3.0965	2.0036	5.1002	8.2878				1	1	청량리역(청량리)[발달상권]	명칭 기반 대표상권 매칭이며 임대료 통계의 공간 경계와 정확히 같지 않을 수 있음
20221	청량리			1019	1110	33	21	91	2.9730	1.8919	4.8649	8.1982	-0.6081	-0.2277	0.5130	1	1	청량리역(청량리)[발달상권]	명칭 기반 대표상권 매칭이며 임대료 통계의 공간 경계와 정확히 같지 않을 수 있음
20222	청량리			1027	1117	16	9	90	1.4324	0.8057	2.2381	8.0573	-1.8720	-3.3944	0.2087	1	1	청량리역(청량리)[발달상권]	명칭 기반 대표상권 매칭이며 임대료 통계의 공간 경계와 정확히 같지 않을 수 있음
20223	청량리			1013	1103	22	36	90	1.9946	3.2638	5.2584	8.1596	0.8697	0.1939	0.1485	1	1	청량리역(청량리)[발달상권]	명칭 기반 대표상권 매칭이며 임대료 통계의 공간 경계와 정확히 같지 않을 수 있음
20224	청량리			1018	1109	33	27	91	2.9757	2.4346	5.4103	8.2056	0.4310	0.3101	-0.0822	1	1	청량리역(청량리)[발달상권]	명칭 기반 대표상권 매칭이며 임대료 통계의 공간 경계와 정확히 같지 않을 수 있음
20231	청량리			1017	1106	24	27	89	2.1700	2.4412	4.6112	8.0470	0.5493	-0.2537	-0.1512	1	1	청량리역(청량리)[발달상권]	명칭 기반 대표상권 매칭이며 임대료 통계의 공간 경계와 정확히 같지 않을 수 있음
20232	청량리			1032	1124	44	26	92	3.9146	2.3132	6.2278	8.1851	1.5074	3.9896	0.1278	1	1	청량리역(청량리)[발달상권]	명칭 기반 대표상권 매칭이며 임대료 통계의 공간 경계와 정확히 같지 않을 수 있음
20233	청량리			1045	1141	49	32	96	4.2945	2.8046	7.0990	8.4137	-0.4593	1.8406	0.2541	1	1	청량리역(청량리)[발달상권]	명칭 기반 대표상권 매칭이며 임대료 통계의 공간 경계와 정확히 같지 않을 수 있음
20234	청량리			1055	1152	35	24	97	3.0382	2.0833	5.1215	8.4201	-0.3513	-0.2888	0.2145	1	1	청량리역(청량리)[발달상권]	명칭 기반 대표상권 매칭이며 임대료 통계의 공간 경계와 정확히 같지 않을 수 있음
20241	청량리			1053	1152	29	29	99	2.5174	2.5174	5.0347	8.5938	0.0761	0.4235	0.5467	1	1	청량리역(청량리)[발달상권]	명칭 기반 대표상권 매칭이며 임대료 통계의 공간 경계와 정확히 같지 않을 수 있음
20242	청량리			1036	1137	22	37	101	1.9349	3.2542	5.1891	8.8830	0.9410	-1.0387	0.6980	1	1	청량리역(청량리)[발달상권]	명칭 기반 대표상권 매칭이며 임대료 통계의 공간 경계와 정확히 같지 않을 수 있음
20243	청량리	40.4		1030	1131	17	23	101	1.5031	2.0336	3.5367	8.9302	-0.7710	-3.5623	0.5165	1	1	청량리역(청량리)[발달상권]	명칭 기반 대표상권 매칭이며 임대료 통계의 공간 경계와 정확히 같지 않을 수 있음
20244	청량리	40.5		1029	1129	16	18	100	1.4172	1.5943	3.0115	8.8574	-0.4890	-2.1100	0.4373	1	1	청량리역(청량리)[발달상권]	명칭 기반 대표상권 매칭이며 임대료 통계의 공간 경계와 정확히 같지 않을 수 있음
20251	청량리	40.5		1027	1126	23	26	99	2.0426	2.3091	4.3517	8.7922	-0.2083	-0.6830	0.1984	1	1	청량리역(청량리)[발달상권]	명칭 기반 대표상권 매칭이며 임대료 통계의 공간 경계와 정확히 같지 않을 수 있음
20252	청량리	40.5		1022	1121	21	25	99	1.8733	2.2302	4.1035	8.8314	-1.0240	-1.0856	-0.0516	1	1	청량리역(청량리)[발달상권]	명칭 기반 대표상권 매칭이며 임대료 통계의 공간 경계와 정확히 같지 않을 수 있음
20253	청량리	40.6	0.4950	1008	1109	20	30	101	1.8034	2.7051	4.5086	9.1073	0.6715	0.9719	0.1772	1	1	청량리역(청량리)[발달상권]	명칭 기반 대표상권 매칭이며 임대료 통계의 공간 경계와 정확히 같지 않을 수 있음
20254	청량리	40.6	0.2469	1010	1114	21	15	104	1.8851	1.3465	3.2316	9.3357	-0.2478	0.2201	0.4783	1	1	청량리역(청량리)[발달상권]	명칭 기반 대표상권 매칭이며 임대료 통계의 공간 경계와 정확히 같지 않을 수 있음
20261	청량리	40.6	0.2469													1	0	청량리역(청량리)[발달상권]	명칭 기반 대표상권 매칭이며 임대료 통계의 공간 경계와 정확히 같지 않을 수 있음
20211	혜화동			985	1210	28	28	225	2.3140	2.3140	4.6281	18.5950				2	2	대학로(혜화역)[발달상권] | 혜화역 1번[골목상권]	명칭 기반 대표상권 매칭이며 임대료 통계의 공간 경계와 정확히 같지 않을 수 있음
20212	혜화동			981	1200	38	48	219	3.1667	4.0000	7.1667	18.2500				2	2	대학로(혜화역)[발달상권] | 혜화역 1번[골목상권]	명칭 기반 대표상권 매칭이며 임대료 통계의 공간 경계와 정확히 같지 않을 수 있음
20213	혜화동			969	1184	22	38	215	1.8581	3.2095	5.0676	18.1588				2	2	대학로(혜화역)[발달상권] | 혜화역 1번[골목상권]	명칭 기반 대표상권 매칭이며 임대료 통계의 공간 경계와 정확히 같지 않을 수 있음
20214	혜화동			971	1191	42	35	220	3.5264	2.9387	6.4652	18.4719				2	2	대학로(혜화역)[발달상권] | 혜화역 1번[골목상권]	명칭 기반 대표상권 매칭이며 임대료 통계의 공간 경계와 정확히 같지 않을 수 있음
20221	혜화동			968	1184	29	36	216	2.4493	3.0405	5.4899	18.2432	0.7265	0.8618	-0.3518	2	2	대학로(혜화역)[발달상권] | 혜화역 1번[골목상권]	명칭 기반 대표상권 매칭이며 임대료 통계의 공간 경계와 정확히 같지 않을 수 있음
20222	혜화동			994	1212	44	16	218	3.6304	1.3201	4.9505	17.9868	-2.6799	-2.2162	-0.2632	2	2	대학로(혜화역)[발달상권] | 혜화역 1번[골목상권]	명칭 기반 대표상권 매칭이며 임대료 통계의 공간 경계와 정확히 같지 않을 수 있음
20223	혜화동			998	1211	35	36	213	2.8902	2.9727	5.8629	17.5888	-0.2367	0.7954	-0.5700	2	2	대학로(혜화역)[발달상권] | 혜화역 1번[골목상권]	명칭 기반 대표상권 매칭이며 임대료 통계의 공간 경계와 정확히 같지 않을 수 있음
20224	혜화동			1009	1224	49	36	215	4.0033	2.9412	6.9444	17.5654	0.0025	0.4793	-0.9065	2	2	대학로(혜화역)[발달상권] | 혜화역 1번[골목상권]	명칭 기반 대표상권 매칭이며 임대료 통계의 공간 경계와 정확히 같지 않을 수 있음
20231	혜화동			1011	1226	40	38	215	3.2626	3.0995	6.3622	17.5367	0.0590	0.8723	-0.7065	2	2	대학로(혜화역)[발달상권] | 혜화역 1번[골목상권]	명칭 기반 대표상권 매칭이며 임대료 통계의 공간 경계와 정확히 같지 않을 수 있음
20232	혜화동			1027	1247	51	30	220	4.0898	2.4058	6.4956	17.6423	1.0856	1.5451	-0.3445	2	2	대학로(혜화역)[발달상권] | 혜화역 1번[골목상권]	명칭 기반 대표상권 매칭이며 임대료 통계의 공간 경계와 정확히 같지 않을 수 있음
20233	혜화동			1038	1262	50	35	224	3.9620	2.7734	6.7353	17.7496	-0.1994	0.8724	0.1608	2	2	대학로(혜화역)[발달상권] | 혜화역 1번[골목상권]	명칭 기반 대표상권 매칭이며 임대료 통계의 공간 경계와 정확히 같지 않을 수 있음
20234	혜화동			1052	1274	46	34	222	3.6107	2.6688	6.2794	17.4254	-0.2724	-0.6650	-0.1399	2	2	대학로(혜화역)[발달상권] | 혜화역 1번[골목상권]	명칭 기반 대표상권 매칭이며 임대료 통계의 공간 경계와 정확히 같지 않을 수 있음
20241	혜화동			1051	1281	53	46	230	4.1374	3.5909	7.7283	17.9547	0.4914	1.3662	0.4180	2	2	대학로(혜화역)[발달상권] | 혜화역 1번[골목상권]	명칭 기반 대표상권 매칭이며 임대료 통계의 공간 경계와 정확히 같지 않을 수 있음
20242	혜화동			1059	1282	42	41	223	3.2761	3.1981	6.4743	17.3947	0.7924	-0.0213	-0.2476	2	2	대학로(혜화역)[발달상권] | 혜화역 1번[골목상권]	명칭 기반 대표상권 매칭이며 임대료 통계의 공간 경계와 정확히 같지 않을 수 있음
20243	혜화동	60.8		1070	1285	40	37	215	3.1128	2.8794	5.9922	16.7315	0.1060	-0.7431	-1.0181	2	2	대학로(혜화역)[발달상권] | 혜화역 1번[골목상권]	명칭 기반 대표상권 매칭이며 임대료 통계의 공간 경계와 정확히 같지 않을 수 있음
20244	혜화동	60.7		1071	1287	32	30	216	2.4864	2.3310	4.8174	16.7832	-0.3378	-1.4620	-0.6422	2	2	대학로(혜화역)[발달상권] | 혜화역 1번[골목상권]	명칭 기반 대표상권 매칭이며 임대료 통계의 공간 경계와 정확히 같지 않을 수 있음
20251	혜화동	60.6		1065	1284	29	30	219	2.2586	2.3364	4.5950	17.0561	-1.2545	-3.1333	-0.8986	2	2	대학로(혜화역)[발달상권] | 혜화역 1번[골목상권]	명칭 기반 대표상권 매칭이며 임대료 통계의 공간 경계와 정확히 같지 않을 수 있음
20252	혜화동	59.5		1067	1285	34	32	218	2.6459	2.4903	5.1362	16.9650	-0.7079	-1.3381	-0.4297	2	2	대학로(혜화역)[발달상권] | 혜화역 1번[골목상권]	명칭 기반 대표상권 매칭이며 임대료 통계의 공간 경계와 정확히 같지 않을 수 있음
20253	혜화동	59.5	-2.1382	1064	1284	35	36	220	2.7259	2.8037	5.5296	17.1340	-0.0756	-0.4626	0.4024	2	2	대학로(혜화역)[발달상권] | 혜화역 1번[골목상권]	명칭 기반 대표상권 매칭이며 임대료 통계의 공간 경계와 정확히 같지 않을 수 있음
20254	혜화동	60.0	-1.1532	1062	1280	28	29	218	2.1875	2.2656	4.4531	17.0312	-0.0654	-0.3643	0.2480	2	2	대학로(혜화역)[발달상권] | 혜화역 1번[골목상권]	명칭 기반 대표상권 매칭이며 임대료 통계의 공간 경계와 정확히 같지 않을 수 있음
20261	혜화동	60.3	-0.4950													2	0	대학로(혜화역)[발달상권] | 혜화역 1번[골목상권]	명칭 기반 대표상권 매칭이며 임대료 통계의 공간 경계와 정확히 같지 않을 수 있음
20211	화곡			1610	1803	56	60	193	3.1059	3.3278	6.4337	10.7044				5	5	화곡역[발달상권] | 화곡역 2번[골목상권] | 화곡역 4번[골목상권] | 화곡역 5번[골목상권] | 화곡본동시장[전통시장]	명칭 기반 대표상권 매칭이며 임대료 통계의 공간 경계와 정확히 같지 않을 수 있음
20212	화곡			1625	1820	71	54	195	3.9011	2.9670	6.8681	10.7143				5	5	화곡역[발달상권] | 화곡역 2번[골목상권] | 화곡역 4번[골목상권] | 화곡역 5번[골목상권] | 화곡본동시장[전통시장]	명칭 기반 대표상권 매칭이며 임대료 통계의 공간 경계와 정확히 같지 않을 수 있음
20213	화곡			1634	1830	65	55	196	3.5519	3.0055	6.5574	10.7104				5	5	화곡역[발달상권] | 화곡역 2번[골목상권] | 화곡역 4번[골목상권] | 화곡역 5번[골목상권] | 화곡본동시장[전통시장]	명칭 기반 대표상권 매칭이며 임대료 통계의 공간 경계와 정확히 같지 않을 수 있음
20214	화곡			1648	1849	86	67	201	4.6512	3.6236	8.2747	10.8707				5	5	화곡역[발달상권] | 화곡역 2번[골목상권] | 화곡역 4번[골목상권] | 화곡역 5번[골목상권] | 화곡본동시장[전통시장]	명칭 기반 대표상권 매칭이며 임대료 통계의 공간 경계와 정확히 같지 않을 수 있음
20221	화곡			1663	1868	63	44	205	3.3726	2.3555	5.7281	10.9743	-0.9723	-0.7057	0.2699	5	5	화곡역[발달상권] | 화곡역 2번[골목상권] | 화곡역 4번[골목상권] | 화곡역 5번[골목상권] | 화곡본동시장[전통시장]	명칭 기반 대표상권 매칭이며 임대료 통계의 공간 경계와 정확히 같지 않을 수 있음
20222	화곡			1668	1880	63	51	212	3.3511	2.7128	6.0638	11.2766	-0.2543	-0.8043	0.5623	5	5	화곡역[발달상권] | 화곡역 2번[골목상권] | 화곡역 4번[골목상권] | 화곡역 5번[골목상권] | 화곡본동시장[전통시장]	명칭 기반 대표상권 매칭이며 임대료 통계의 공간 경계와 정확히 같지 않을 수 있음
20223	화곡			1667	1879	55	56	212	2.9271	2.9803	5.9074	11.2826	-0.0252	-0.6500	0.5722	5	5	화곡역[발달상권] | 화곡역 2번[골목상권] | 화곡역 4번[골목상권] | 화곡역 5번[골목상권] | 화곡본동시장[전통시장]	명칭 기반 대표상권 매칭이며 임대료 통계의 공간 경계와 정확히 같지 않을 수 있음
20224	화곡			1697	1905	79	53	208	4.1470	2.7822	6.9291	10.9186	-0.8414	-1.3456	0.0479	5	5	화곡역[발달상권] | 화곡역 2번[골목상권] | 화곡역 4번[골목상권] | 화곡역 5번[골목상권] | 화곡본동시장[전통시장]	명칭 기반 대표상권 매칭이며 임대료 통계의 공간 경계와 정확히 같지 않을 수 있음
20231	화곡			1716	1921	67	51	205	3.4878	2.6549	6.1426	10.6715	0.2994	0.4146	-0.3028	5	5	화곡역[발달상권] | 화곡역 2번[골목상권] | 화곡역 4번[골목상권] | 화곡역 5번[골목상권] | 화곡본동시장[전통시장]	명칭 기반 대표상권 매칭이며 임대료 통계의 공간 경계와 정확히 같지 않을 수 있음
20232	화곡			1716	1924	74	71	208	3.8462	3.6902	7.5364	10.8108	0.9775	1.4726	-0.4658	5	5	화곡역[발달상권] | 화곡역 2번[골목상권] | 화곡역 4번[골목상권] | 화곡역 5번[골목상권] | 화곡본동시장[전통시장]	명칭 기반 대표상권 매칭이며 임대료 통계의 공간 경계와 정확히 같지 않을 수 있음
20233	화곡			1729	1933	70	61	204	3.6213	3.1557	6.7770	10.5535	0.1754	0.8696	-0.7291	5	5	화곡역[발달상권] | 화곡역 2번[골목상권] | 화곡역 4번[골목상권] | 화곡역 5번[골목상권] | 화곡본동시장[전통시장]	명칭 기반 대표상권 매칭이며 임대료 통계의 공간 경계와 정확히 같지 않을 수 있음
20234	화곡			1741	1948	74	59	207	3.7988	3.0287	6.8275	10.6263	0.2466	-0.1016	-0.2924	5	5	화곡역[발달상권] | 화곡역 2번[골목상권] | 화곡역 4번[골목상권] | 화곡역 5번[골목상권] | 화곡본동시장[전통시장]	명칭 기반 대표상권 매칭이며 임대료 통계의 공간 경계와 정확히 같지 않을 수 있음
20241	화곡			1735	1941	76	83	206	3.9155	4.2761	8.1917	10.6131	1.6213	2.0490	-0.0584	5	5	화곡역[발달상권] | 화곡역 2번[골목상권] | 화곡역 4번[골목상권] | 화곡역 5번[골목상권] | 화곡본동시장[전통시장]	명칭 기반 대표상권 매칭이며 임대료 통계의 공간 경계와 정확히 같지 않을 수 있음
20242	화곡			1721	1927	62	76	206	3.2174	3.9440	7.1614	10.6902	0.2537	-0.3750	-0.1206	5	5	화곡역[발달상권] | 화곡역 2번[골목상권] | 화곡역 4번[골목상권] | 화곡역 5번[골목상권] | 화곡본동시장[전통시장]	명칭 기반 대표상권 매칭이며 임대료 통계의 공간 경계와 정확히 같지 않을 수 있음
20243	화곡	29.9		1693	1891	45	81	198	2.3797	4.2834	6.6631	10.4707	1.1277	-0.1139	-0.0829	5	5	화곡역[발달상권] | 화곡역 2번[골목상권] | 화곡역 4번[골목상권] | 화곡역 5번[골목상권] | 화곡본동시장[전통시장]	명칭 기반 대표상권 매칭이며 임대료 통계의 공간 경계와 정확히 같지 않을 수 있음
20244	화곡	29.8		1680	1874	41	58	194	2.1878	3.0950	5.2828	10.3522	0.0662	-1.5447	-0.2741	5	5	화곡역[발달상권] | 화곡역 2번[골목상권] | 화곡역 4번[골목상권] | 화곡역 5번[골목상권] | 화곡본동시장[전통시장]	명칭 기반 대표상권 매칭이며 임대료 통계의 공간 경계와 정확히 같지 않을 수 있음
20251	화곡	29.8		1654	1848	46	71	194	2.4892	3.8420	6.3312	10.4978	-0.4342	-1.8605	-0.1153	5	5	화곡역[발달상권] | 화곡역 2번[골목상권] | 화곡역 4번[골목상권] | 화곡역 5번[골목상권] | 화곡본동시장[전통시장]	명칭 기반 대표상권 매칭이며 임대료 통계의 공간 경계와 정확히 같지 않을 수 있음
20252	화곡	29.8		1644	1832	40	57	188	2.1834	3.1114	5.2948	10.2620	-0.8326	-1.8666	-0.4282	5	5	화곡역[발달상권] | 화곡역 2번[골목상권] | 화곡역 4번[골목상권] | 화곡역 5번[골목상권] | 화곡본동시장[전통시장]	명칭 기반 대표상권 매칭이며 임대료 통계의 공간 경계와 정확히 같지 않을 수 있음
20253	화곡	29.8	-0.3344	1648	1836	55	51	188	2.9956	2.7778	5.7734	10.2397	-1.5057	-0.8897	-0.2310	5	5	화곡역[발달상권] | 화곡역 2번[골목상권] | 화곡역 4번[골목상권] | 화곡역 5번[골목상권] | 화곡본동시장[전통시장]	명칭 기반 대표상권 매칭이며 임대료 통계의 공간 경계와 정확히 같지 않을 수 있음
20254	화곡	30.1	1.0067	1661	1853	65	47	192	3.5078	2.5364	6.0443	10.3616	-0.5586	0.7614	0.0094	5	5	화곡역[발달상권] | 화곡역 2번[골목상권] | 화곡역 4번[골목상권] | 화곡역 5번[골목상권] | 화곡본동시장[전통시장]	명칭 기반 대표상권 매칭이며 임대료 통계의 공간 경계와 정확히 같지 않을 수 있음
20261	화곡	30.1	1.0067													5	0	화곡역[발달상권] | 화곡역 2번[골목상권] | 화곡역 4번[골목상권] | 화곡역 5번[골목상권] | 화곡본동시장[전통시장]	명칭 기반 대표상권 매칭이며 임대료 통계의 공간 경계와 정확히 같지 않을 수 있음